"held_out","model","n_pairs","ll_pop","ll_recal","auc","converged"
"Anindilyakwa","null",17766,-2259.89542122587,-2203.27430032092,0.5,TRUE
"Innu","null",4656,-498.381887165191,-494.404071232101,0.5,TRUE
"Saami","null",3081,-280.014194817452,-279.916799838741,0.5,TRUE
"Tlingit","null",8385,-507.055948988708,-488.540530708002,0.5,TRUE
"Tobelo","null",6555,-404.746371018943,-391.910638371107,0.5,TRUE
"Tzeltal","null",17391,-1247.87176247085,-1236.28417625588,0.5,TRUE
"Zapotec","null",11476,-1457.9434284609,-1421.73573928176,0.5,TRUE
"Anindilyakwa","23",17766,-1534.47054379174,-1477.14125368745,0.88230473065971,TRUE
"Innu","23",4656,-289.820338353802,-282.79623220855,0.913991415027753,TRUE
"Saami","23",3081,-211.865915807774,-211.847452132155,0.81797225501771,TRUE
"Tlingit","23",8385,-298.794744463022,-254.769123583077,0.946223717225284,TRUE
"Tobelo","23",6555,-247.312455430562,-192.78883637791,0.946792103639729,TRUE
"Tzeltal","23",17391,-534.504195169849,-534.422291807955,0.989632584207269,TRUE
"Zapotec","23",11476,-924.207423206301,-812.84446109598,0.921871191788798,TRUE
"Anindilyakwa","74",17766,-1485.03262215489,-1430.23096317263,0.910439113804248,TRUE
"Innu","74",4656,-279.664373537296,-272.528002541173,0.932644431602763,TRUE
"Saami","74",3081,-180.351280642349,-180.333688211399,0.950230224321133,TRUE
"Tlingit","74",8385,-279.604062709451,-233.407864636472,0.974932752254374,TRUE
"Tobelo","74",6555,-245.524103963171,-189.821752497658,0.94670304367848,TRUE
"Tzeltal","74",17391,-536.024578966784,-535.673968681859,0.988185918604517,TRUE
"Zapotec","74",11476,-921.09986878544,-803.231141099266,0.929635486898956,TRUE
"Anindilyakwa","Phy",17766,-1647.02918818309,-1587.39391218558,0.890830451352236,TRUE
"Innu","Phy",4656,-344.7490623492,-339.852165034903,0.933425949816509,TRUE
"Saami","Phy",3081,-231.60619105562,-231.573160354188,0.893417945690673,TRUE
"Tlingit","Phy",8385,-350.777277188831,-322.473868879056,0.95035308490473,TRUE
"Tobelo","Phy",6555,-326.875678341846,-292.425229303037,0.937274634854159,TRUE
"Tzeltal","Phy",17391,-813.625986715401,-812.2921211131,0.957602579809866,TRUE
"Zapotec","Phy",11476,-1122.99222956441,-1047.83670583776,0.880889514093624,TRUE
"Anindilyakwa","Per",17766,-1573.50368334482,-1494.25592475262,0.90079153690858,TRUE
"Innu","Per",4656,-403.186131236428,-402.363654826812,0.859181719510661,TRUE
"Saami","Per",3081,-254.476564336239,-254.433376638777,0.832514757969303,TRUE
"Tlingit","Per",8385,-323.165997883591,-299.013257351847,0.936881622053974,TRUE
"Tobelo","Per",6555,-259.207018437245,-252.404484928688,0.929723001798577,TRUE
"Tzeltal","Per",17391,-757.746332008426,-751.397829473196,0.953627157241432,TRUE
"Zapotec","Per",11476,-989.582354082724,-957.744642124923,0.921096689477172,TRUE
"Anindilyakwa","74+Phy",17766,-1501.27645680743,-1455.20254403161,0.906262118118132,TRUE
"Innu","74+Phy",4656,-278.810806957995,-271.208254290146,0.918747694361341,TRUE
"Saami","74+Phy",3081,-178.75263914285,-178.713118825454,0.966387249114522,TRUE
"Tlingit","74+Phy",8385,-277.780492059878,-232.659519411838,0.976681741483778,TRUE
"Tobelo","74+Phy",6555,-243.949698659716,-188.215164400483,0.92937002024485,TRUE
"Tzeltal","74+Phy",17391,-535.709145359231,-535.546638678979,0.98596833169327,TRUE
"Zapotec","74+Phy",11476,-918.010201223844,-801.764692453259,0.938896042227982,TRUE
"Anindilyakwa","74+Per",17766,-1342.27297445691,-1266.15920976948,0.933866821376025,TRUE
"Innu","74+Per",4656,-295.249685801441,-293.212963198679,0.924183137545073,TRUE
"Saami","74+Per",3081,-191.725518861874,-191.718073309919,0.951759149940968,TRUE
"Tlingit","74+Per",8385,-244.264823744622,-206.824469055108,0.983415418497376,TRUE
"Tobelo","74+Per",6555,-200.225512436007,-172.413302817296,0.97132703686648,TRUE
"Tzeltal","74+Per",17391,-484.833086823609,-484.618288141228,0.993446668604392,TRUE
"Zapotec","74+Per",11476,-820.265733681223,-737.93294295697,0.9666930678493,TRUE
"Anindilyakwa","Phy+Per",17766,-1385.13634251626,-1292.74776974264,0.923434687849354,TRUE
"Innu","Phy+Per",4656,-348.229045894074,-347.913050839159,0.902712177397171,TRUE
"Saami","Phy+Per",3081,-236.227255482041,-235.79815569015,0.89443919716647,TRUE
"Tlingit","Phy+Per",8385,-282.08309299156,-256.329219269218,0.96353966932188,TRUE
"Tobelo","Phy+Per",6555,-238.644910691876,-228.103896365595,0.955989173784223,TRUE
"Tzeltal","Phy+Per",17391,-643.280583675674,-640.760038884382,0.975070626097162,TRUE
"Zapotec","Phy+Per",11476,-927.358045883494,-881.591021281161,0.940635303452759,TRUE
"Anindilyakwa","74+Phy+Per",17766,-1360.99192893028,-1300.95935016139,0.933530729464368,TRUE
"Innu","74+Phy+Per",4656,-292.504871749387,-289.613558915561,0.924296153821549,TRUE
"Saami","74+Phy+Per",3081,-186.055645457689,-186.026112684237,0.95370720188902,TRUE
"Tlingit","74+Phy+Per",8385,-239.193892776169,-203.931996946345,0.984026263600206,TRUE
"Tobelo","74+Phy+Per",6555,-194.86947913474,-166.86415872414,0.971109817448801,TRUE
"Tzeltal","74+Phy+Per",17391,-482.355044738921,-481.56220068179,0.993237304186738,TRUE
"Zapotec","74+Phy+Per",11476,-809.536457217152,-730.77891767607,0.966888396028172,TRUE
