"held_out","diff","diff_per_1000","contrast","score","n_favour_first","n_languages","sign_test_p","t_test_p","mean_diff_per_1000","ci_lo","ci_hi"
"Anindilyakwa",49.4379216368495,2.7827266484774,"74 vs 23","ll_pop",6,7,0.125,0.106462059150941,2.562510290041,-0.741061326312444,5.86608190639445
"Innu",10.1559648165064,2.18126392107095,"74 vs 23","ll_pop",6,7,0.125,0.106462059150941,2.562510290041,-0.741061326312444,5.86608190639445
"Saami",31.5146351654244,10.2287033967622,"74 vs 23","ll_pop",6,7,0.125,0.106462059150941,2.562510290041,-0.741061326312444,5.86608190639445
"Tlingit",19.1906817535713,2.28869192052132,"74 vs 23","ll_pop",6,7,0.125,0.106462059150941,2.562510290041,-0.741061326312444,5.86608190639445
"Tobelo",1.78835146739107,0.272822496932276,"74 vs 23","ll_pop",6,7,0.125,0.106462059150941,2.562510290041,-0.741061326312444,5.86608190639445
"Tzeltal",-1.52038379693579,-0.087423598236777,"74 vs 23","ll_pop",6,7,0.125,0.106462059150941,2.562510290041,-0.741061326312444,5.86608190639445
"Zapotec",3.10755442086145,0.270787244759624,"74 vs 23","ll_pop",6,7,0.125,0.106462059150941,2.562510290041,-0.741061326312444,5.86608190639445
"Anindilyakwa",142.759647697977,8.03555373736222,"74+Per vs 74","ll_pop",5,7,0.453125,0.130980373559121,3.40738008806641,-1.36130323152537,8.17606340765819
"Innu",-15.5853122641452,-3.34736088147448,"74+Per vs 74","ll_pop",5,7,0.453125,0.130980373559121,3.40738008806641,-1.36130323152537,8.17606340765819
"Saami",-11.3742382195242,-3.69173587131588,"74+Per vs 74","ll_pop",5,7,0.453125,0.130980373559121,3.40738008806641,-1.36130323152537,8.17606340765819
"Tlingit",35.3392389648284,4.21457829037906,"74+Per vs 74","ll_pop",5,7,0.453125,0.130980373559121,3.40738008806641,-1.36130323152537,8.17606340765819
"Tobelo",45.2985915271642,6.91054027874359,"74+Per vs 74","ll_pop",5,7,0.453125,0.130980373559121,3.40738008806641,-1.36130323152537,8.17606340765819
"Tzeltal",51.1914921431749,2.94356231057299,"74+Per vs 74","ll_pop",5,7,0.453125,0.130980373559121,3.40738008806641,-1.36130323152537,8.17606340765819
"Zapotec",100.834135104217,8.78652275219736,"74+Per vs 74","ll_pop",5,7,0.453125,0.130980373559121,3.40738008806641,-1.36130323152537,8.17606340765819
"Anindilyakwa",-18.718954473369,-1.05363922511364,"74+Phy+Per vs 74+Per","ll_pop",6,7,0.125,0.146341729009211,0.55363261332721,-0.258486920943344,1.36575214759776
"Innu",2.74481405205358,0.589521918396388,"74+Phy+Per vs 74+Per","ll_pop",6,7,0.125,0.146341729009211,0.55363261332721,-0.258486920943344,1.36575214759776
"Saami",5.66987340418473,1.84027049795025,"74+Phy+Per vs 74+Per","ll_pop",6,7,0.125,0.146341729009211,0.55363261332721,-0.258486920943344,1.36575214759776
"Tlingit",5.07093096845344,0.604762190632491,"74+Phy+Per vs 74+Per","ll_pop",6,7,0.125,0.146341729009211,0.55363261332721,-0.258486920943344,1.36575214759776
"Tobelo",5.35603330126719,0.817091274030082,"74+Phy+Per vs 74+Per","ll_pop",6,7,0.125,0.146341729009211,0.55363261332721,-0.258486920943344,1.36575214759776
"Tzeltal",2.47804208468807,0.142489913443049,"74+Phy+Per vs 74+Per","ll_pop",6,7,0.125,0.146341729009211,0.55363261332721,-0.258486920943344,1.36575214759776
"Zapotec",10.7292764640714,0.934931723951848,"74+Phy+Per vs 74+Per","ll_pop",6,7,0.125,0.146341729009211,0.55363261332721,-0.258486920943344,1.36575214759776
"Anindilyakwa",-16.2438346525405,-0.91432143715752,"74+Phy vs 74","ll_pop",6,7,0.125,0.677564549598637,0.0761294344240704,-0.350378626133687,0.502637494981828
"Innu",0.853566579301003,0.183326155348153,"74+Phy vs 74","ll_pop",6,7,0.125,0.677564549598637,0.0761294344240704,-0.350378626133687,0.502637494981828
"Saami",1.59864149949982,0.518870983284589,"74+Phy vs 74","ll_pop",6,7,0.125,0.677564549598637,0.0761294344240704,-0.350378626133687,0.502637494981828
"Tlingit",1.82357064957279,0.217480101320547,"74+Phy vs 74","ll_pop",6,7,0.125,0.677564549598637,0.0761294344240704,-0.350378626133687,0.502637494981828
"Tobelo",1.5744053034548,0.2401838754317,"74+Phy vs 74","ll_pop",6,7,0.125,0.677564549598637,0.0761294344240704,-0.350378626133687,0.502637494981828
"Tzeltal",0.315433607553018,0.0181377498449208,"74+Phy vs 74","ll_pop",6,7,0.125,0.677564549598637,0.0761294344240704,-0.350378626133687,0.502637494981828
"Zapotec",3.08966756159566,0.269228612896102,"74+Phy vs 74","ll_pop",6,7,0.125,0.677564549598637,0.0761294344240704,-0.350378626133687,0.502637494981828
"Anindilyakwa",73.5255048382623,4.13855143747959,"Per vs Phy","ll_pop",5,7,0.453125,0.609315415014716,1.80271501781256,-6.38174249855895,9.98717253418407
"Innu",-58.4370688872279,-12.5509168572225,"Per vs Phy","ll_pop",5,7,0.453125,0.609315415014716,1.80271501781256,-6.38174249855895,9.98717253418407
"Saami",-22.8703732806188,-7.42303579377437,"Per vs Phy","ll_pop",5,7,0.453125,0.609315415014716,1.80271501781256,-6.38174249855895,9.98717253418407
"Tlingit",27.6112793052404,3.29293730533577,"Per vs Phy","ll_pop",5,7,0.453125,0.609315415014716,1.80271501781256,-6.38174249855895,9.98717253418407
"Tobelo",67.6686599046006,10.3232128000916,"Per vs Phy","ll_pop",5,7,0.453125,0.609315415014716,1.80271501781256,-6.38174249855895,9.98717253418407
"Tzeltal",55.8796547069743,3.21313637553759,"Per vs Phy","ll_pop",5,7,0.453125,0.609315415014716,1.80271501781256,-6.38174249855895,9.98717253418407
"Zapotec",133.409875481689,11.6251198572402,"Per vs Phy","ll_pop",5,7,0.453125,0.609315415014716,1.80271501781256,-6.38174249855895,9.98717253418407
"Anindilyakwa",46.9102905148172,2.64045314166482,"74 vs 23","ll_recal",6,7,0.125,0.0875172362396636,2.69145236525708,-0.537806636776518,5.92071136729067
"Innu",10.2682296673772,2.20537578766693,"74 vs 23","ll_recal",6,7,0.125,0.0875172362396636,2.69145236525708,-0.537806636776518,5.92071136729067
"Saami",31.5137639207557,10.2284206169282,"74 vs 23","ll_recal",6,7,0.125,0.0875172362396636,2.69145236525708,-0.537806636776518,5.92071136729067
"Tlingit",21.3612589466046,2.54755622499756,"74 vs 23","ll_recal",6,7,0.125,0.0875172362396636,2.69145236525708,-0.537806636776518,5.92071136729067
"Tobelo",2.96708388025121,0.452644375324365,"74 vs 23","ll_recal",6,7,0.125,0.0875172362396636,2.69145236525708,-0.537806636776518,5.92071136729067
"Tzeltal",-1.25167687390422,-0.0719726797713884,"74 vs 23","ll_recal",6,7,0.125,0.0875172362396636,2.69145236525708,-0.537806636776518,5.92071136729067
"Zapotec",9.61331999671461,0.837689089989074,"74 vs 23","ll_recal",6,7,0.125,0.0875172362396636,2.69145236525708,-0.537806636776518,5.92071136729067
"Anindilyakwa",164.071753403156,9.23515441872993,"74+Per vs 74","ll_recal",5,7,0.453125,0.272829102285742,2.22133049937988,-2.28164754435633,6.72430854311608
"Innu",-20.6849606575059,-4.44264618932687,"74+Per vs 74","ll_recal",5,7,0.453125,0.272829102285742,2.22133049937988,-2.28164754435633,6.72430854311608
"Saami",-11.3843850985201,-3.69502924327169,"74+Per vs 74","ll_recal",5,7,0.453125,0.272829102285742,2.22133049937988,-2.28164754435633,6.72430854311608
"Tlingit",26.5833955813645,3.17035129175486,"74+Per vs 74","ll_recal",5,7,0.453125,0.272829102285742,2.22133049937988,-2.28164754435633,6.72430854311608
"Tobelo",17.4084496803624,2.65575128609648,"74+Per vs 74","ll_recal",5,7,0.453125,0.272829102285742,2.22133049937988,-2.28164754435633,6.72430854311608
"Tzeltal",51.0556805406308,2.93575300676389,"74+Per vs 74","ll_recal",5,7,0.453125,0.272829102285742,2.22133049937988,-2.28164754435633,6.72430854311608
"Zapotec",65.2981981422961,5.68997892491252,"74+Per vs 74","ll_recal",5,7,0.453125,0.272829102285742,2.22133049937988,-2.28164754435633,6.72430854311608
"Anindilyakwa",-34.8001403919177,-1.95880560575919,"74+Phy+Per vs 74+Per","ll_recal",6,7,0.125,0.421327915170196,0.378904168696663,-0.695520080733872,1.4533284181272
"Innu",3.59940428311728,0.773067930222784,"74+Phy+Per vs 74+Per","ll_recal",6,7,0.125,0.421327915170196,0.378904168696663,-0.695520080733872,1.4533284181272
"Saami",5.69196062568244,1.84743934621306,"74+Phy+Per vs 74+Per","ll_recal",6,7,0.125,0.421327915170196,0.378904168696663,-0.695520080733872,1.4533284181272
"Tlingit",2.89247210876323,0.344957913984881,"74+Phy+Per vs 74+Per","ll_recal",6,7,0.125,0.421327915170196,0.378904168696663,-0.695520080733872,1.4533284181272
"Tobelo",5.5491440931556,0.846551349070268,"74+Phy+Per vs 74+Per","ll_recal",6,7,0.125,0.421327915170196,0.378904168696663,-0.695520080733872,1.4533284181272
"Tzeltal",3.05608745943789,0.175728104159501,"74+Phy+Per vs 74+Per","ll_recal",6,7,0.125,0.421327915170196,0.378904168696663,-0.695520080733872,1.4533284181272
"Zapotec",7.15402528089965,0.62339014298533,"74+Phy+Per vs 74+Per","ll_recal",6,7,0.125,0.421327915170196,0.378904168696663,-0.695520080733872,1.4533284181272
"Anindilyakwa",-24.9715808589799,-1.40558262180457,"74+Phy vs 74","ll_recal",6,7,0.125,0.942284164302441,-0.0180994634771845,-0.604823505450636,0.568624578496267
"Innu",1.31974825102674,0.283451084842512,"74+Phy vs 74","ll_recal",6,7,0.125,0.942284164302441,-0.0180994634771845,-0.604823505450636,0.568624578496267
"Saami",1.62056938594503,0.525988116178199,"74+Phy vs 74","ll_recal",6,7,0.125,0.942284164302441,-0.0180994634771845,-0.604823505450636,0.568624578496267
"Tlingit",0.748345224634079,0.0892480888054954,"74+Phy vs 74","ll_recal",6,7,0.125,0.942284164302441,-0.0180994634771845,-0.604823505450636,0.568624578496267
"Tobelo",1.60658809717526,0.245093531224296,"74+Phy vs 74","ll_recal",6,7,0.125,0.942284164302441,-0.0180994634771845,-0.604823505450636,0.568624578496267
"Tzeltal",0.127330002879376,0.00732160329362173,"74+Phy vs 74","ll_recal",6,7,0.125,0.942284164302441,-0.0180994634771845,-0.604823505450636,0.568624578496267
"Zapotec",1.46644864600682,0.127783953120149,"74+Phy vs 74","ll_recal",6,7,0.125,0.942284164302441,-0.0180994634771845,-0.604823505450636,0.568624578496267
"Anindilyakwa",93.1379874329573,5.24248493937618,"Per vs Phy","ll_recal",5,7,0.453125,0.832183128632225,0.664571520651676,-6.6829252277536,8.01206826905695
"Innu",-62.511489791909,-13.4260072577124,"Per vs Phy","ll_recal",5,7,0.453125,0.832183128632225,0.664571520651676,-6.6829252277536,8.01206826905695
"Saami",-22.8602162845888,-7.41973913813333,"Per vs Phy","ll_recal",5,7,0.453125,0.832183128632225,0.664571520651676,-6.6829252277536,8.01206826905695
"Tlingit",23.4606115272086,2.79792624057347,"Per vs Phy","ll_recal",5,7,0.453125,0.832183128632225,0.664571520651676,-6.6829252277536,8.01206826905695
"Tobelo",40.0207443743491,6.10537671614784,"Per vs Phy","ll_recal",5,7,0.453125,0.832183128632225,0.664571520651676,-6.6829252277536,8.01206826905695
"Tzeltal",60.8942916399046,3.50148304524781,"Per vs Phy","ll_recal",5,7,0.453125,0.832183128632225,0.664571520651676,-6.6829252277536,8.01206826905695
"Zapotec",90.0920637128376,7.85047609906218,"Per vs Phy","ll_recal",5,7,0.453125,0.832183128632225,0.664571520651676,-6.6829252277536,8.01206826905695
