"language","model","ll_mean","ll_sd","ddev_mean","ddev_sd","pct_best","auc_mean","brier_mean","n_pairs","nonconverged","ddev_of_means"
"All","23",-3694.43282796245,7.81547070582083,812.159272227032,8.75902578125128,0,0.930486619798944,0.0134110591618901,69310,0,812.159272227032
"All","74",-3577.13615140609,8.31459432095149,577.565919114312,8.45123364824981,0,0.948794395127589,0.0134650364081856,69310,0,577.565919114311
"All","74+Per",-3302.61117138438,8.86533119090811,28.5159590708941,4.12243691859303,0,0.960176350743264,0.0126474561323599,69310,0,28.5159590708936
"All","74+Phy",-3578.23197465283,8.2454320463874,579.757565607799,7.5253073618212,0,0.949973909270207,0.013479745407602,69310,0,579.757565607799
"All","74+Phy+Per",-3288.35319184893,8.87052612944272,0,0,100,0.960625876020205,0.0125966307964719,69310,0,0
"All","Per",-4429.37599573757,8.4902221073538,2282.04560777728,10.7165741659493,0,0.916293617245654,0.0155293498521458,69310,0,2282.04560777728
"All","Phy",-4646.75066942068,7.76846128482561,2716.79495514349,10.6939892890211,0,0.909750538518223,0.0166044105661661,69310,0,2716.79495514349
"All","Phy+Per",-3906.8975177015,9.36798726741735,1237.08865170513,9.13249088076638,0,0.940752765789311,0.0145009353974614,69310,0,1237.08865170512
"All","null",-6543.85739327965,5.62787564152906,6511.00840286143,12.198935053302,0,0.567422059328579,0.0189102682901901,69310,0,6511.00840286142
"Anindilyakwa","23",-1374.46037537808,4.49374428752833,362.525612557983,7.51712961046488,0,0.849632338635728,0.0189171888113445,17766,0,362.509502399072
"Anindilyakwa","74",-1326.08206596912,4.60584552770376,265.76899374008,6.88081243234921,0,0.884440142489445,0.0191266716706664,17766,0,265.752883581169
"Anindilyakwa","74+Per",-1193.20562417854,6.36193167642268,0.0161101589105147,0.106241772902279,96,0.931271201536434,0.0172146798076207,17766,0,0
"Anindilyakwa","74+Phy",-1326.15589366422,5.3110584449695,265.916649130267,7.02667334339952,0,0.888597843384068,0.0190657277925062,17766,0,265.900538971357
"Anindilyakwa","74+Phy+Per",-1196.00975365955,6.86453763351535,5.62436912093467,3.23920375880269,4,0.930715491735798,0.0172420464436256,17766,0,5.60825896202414
"Anindilyakwa","Per",-1509.04530873159,7.7445122939562,631.695479265001,5.36317596011199,0,0.89752812429918,0.0206330133689932,17766,0,631.679369106091
"Anindilyakwa","Phy",-1574.99583583355,5.38918446888055,763.596533468932,8.22326021111449,0,0.871380539493336,0.021937933354345,17766,0,763.580423310022
"Anindilyakwa","Phy+Per",-1306.45863271237,7.37383545802116,226.522127226561,5.55524776230605,0,0.919987264012575,0.0184241455223989,17766,0,226.50601706765
"Anindilyakwa","null",-2210.71678641037,3.84259230531001,2035.03843462257,8.98821466682945,0,0.403670264971578,0.0262553478030254,17766,0,2035.02232446366
"Innu","23",-290.283888620036,2.5609639675828,26.1901672582341,5.31378723343453,0,0.876286455745598,0.0147898643586303,4656,0,25.3166292687421
"Innu","74",-279.907057277117,2.45140897914296,5.43650457239602,4.57322565878502,16,0.90329367812538,0.0146104938401405,4656,0,4.56296658290398
"Innu","74+Per",-282.475110877292,3.22805810182521,10.5726117727464,4.65520168759129,0,0.912866242038217,0.0147573148243779,4656,0,9.69907378325433
"Innu","74+Phy",-277.625573985665,3.22910791022789,0.87353798949202,2.10361268405945,70,0.904498346337313,0.0138872898675116,4656,0,0
"Innu","74+Phy+Per",-279.213054239073,4.11678485828846,4.04849849630959,3.65255918558266,14,0.909308702893003,0.0138919861027955,4656,0,3.17496050681757
"Innu","Per",-390.805298091915,3.75295685808157,227.232986201993,5.91627308325546,0,0.850750492047279,0.018941776251551,4656,0,226.359448212501
"Innu","Phy",-345.840923157018,2.30842836003336,137.304236332198,4.22987634441179,0,0.915314899596766,0.0190722641687085,4656,0,136.430698342706
"Innu","Phy+Per",-334.966504799857,3.70918857070665,115.555399617876,5.44434365284113,0,0.904625393691133,0.0182773063231316,4656,0,114.681861628384
"Innu","null",-496.230549721277,0.64708084091723,438.083489460717,5.49494605110422,0,0.397374354687723,0.0216486259409352,4656,0,437.209951471225
"Saami","23",-211.773843476574,2.96652245454346,89.3645496123234,5.1949245551184,0,0.726659208972845,0.0148810519674228,3081,0,89.1457647189525
"Saami","74",-185.039940576803,2.67052316492455,35.8967438127818,4.88047617856555,0,0.935480755608028,0.0152040318592798,3081,0,35.677958919411
"Saami","74+Per",-185.632169549533,2.83511290106879,37.0812017582415,4.85902247541453,0,0.946908500590319,0.0154106144508424,3081,0,36.8624168648707
"Saami","74+Phy",-168.038029193293,2.69494245418532,1.89292104576126,1.72077133545565,18,0.969481818181818,0.0150375019276119,3081,0,1.67413615239042
"Saami","74+Phy+Per",-167.200961117098,2.83979571611823,0.21878489337086,0.62504919537546,82,0.971287485242031,0.0150641141784365,3081,0,0
"Saami","Per",-239.484427352445,1.77857047739215,144.785717364065,4.90821494978199,0,0.818714876033058,0.0171091808535144,3081,0,144.566932470694
"Saami","Phy",-232.97984325039,2.73591912613128,131.776549159956,5.42373194497333,0,0.821116233766234,0.017233245060205,3081,0,131.557764266585
"Saami","Phy+Per",-222.764971011153,2.85306972497472,111.346804681481,5.22261990250596,0,0.891760212514758,0.0171199571318473,3081,0,111.128019788111
"Saami","null",-283.878043413388,1.68598832479874,233.572949485951,4.99923946272372,0,0.30502479338843,0.0178874277061994,3081,0,233.35416459258
"Tlingit","23",-262.534533638807,2.87253139483117,96.3694262717833,3.62674775054623,0,0.916476492050796,0.00829014987361292,8385,0,95.2205888763575
"Tlingit","74",-239.969230634101,2.96092484671958,51.2388202623712,3.69831457448024,0,0.964830798645732,0.00803066291608442,8385,0,50.0899828669454
"Tlingit","74+Per",-215.098234329997,3.21605541497903,1.49682765416274,1.79498402997793,42,0.980261759453033,0.00705734220657541,8385,0,0.347990258737013
"Tlingit","74+Phy",-242.593851335381,3.441488045588,56.4880616649296,3.16170943377583,0,0.96973755574304,0.008123238854906,8385,0,55.3392242695039
"Tlingit","74+Phy+Per",-214.924239200629,3.72144347309025,1.14883739542573,2.0711179631702,58,0.981153374165909,0.00705102025788553,8385,0,0
"Tlingit","Per",-302.41927355183,2.55604746001872,176.138906097829,3.66491337383129,0,0.932634906373607,0.00803165419895129,8385,0,174.990068702403
"Tlingit","Phy",-328.800473861616,2.60261140887174,228.9013067174,3.88712068208741,0,0.930210344374199,0.00968957429307283,8385,0,227.752469321974
"Tlingit","Phy+Per",-264.239015607708,3.33227825528658,99.7783902095846,2.85311931225133,0,0.957359012567522,0.00795543335876742,8385,0,98.6295528141588
"Tlingit","null",-491.431697698123,1.72265787907258,554.163754390414,4.83959415753914,0,0.364784588076742,0.0103914308955927,8385,0,553.014916994988
"Tobelo","23",-195.952000542984,1.63173945169074,58.7793495722714,3.15280746432634,0,0.921469858633603,0.00731164994329691,6555,0,58.7793495722714
"Tobelo","74",-192.55482915117,1.70112406528681,51.9850067886441,2.65791419833523,0,0.92166433517825,0.00697538934377449,6555,0,51.9850067886442
"Tobelo","74+Per",-178.284788440625,2.25957172107303,23.4449253675534,1.97335472628554,0,0.966319260411327,0.00673779341794581,6555,0,23.4449253675534
"Tobelo","74+Phy",-185.663107264458,2.05336911986109,38.2015630152199,1.98777386305506,0,0.925299610742804,0.0066156494692645,6555,0,38.2015630152199
"Tobelo","74+Phy+Per",-166.562325756848,2.50995516569016,0,0,100,0.964993309641936,0.00616373531063929,6555,0,0
"Tobelo","Per",-255.037958155115,2.34584544235039,176.951264796533,4.82000946159354,0,0.925491784761623,0.00862025730347196,6555,0,176.951264796533
"Tobelo","Phy",-290.809738782099,1.36060811232413,248.494826050503,4.5263882771781,0,0.925666537783146,0.0101121135107908,6555,0,248.494826050503
"Tobelo","Phy+Per",-230.282731988983,2.14251267783461,127.44081246427,4.61564158231738,0,0.947671842281325,0.00829334931797269,6555,0,127.44081246427
"Tobelo","null",-394.025034103781,0.953637104444462,454.925416693866,4.65708559836472,0,0.369040150837164,0.0107205657343884,6555,0,454.925416693866
"Tzeltal","23",-423.262555118254,3.10989099440693,64.0800144577272,6.7694468004941,0,0.986150638824117,0.00760926242855794,17391,0,64.0800144577272
"Tzeltal","74",-434.065929976319,3.27328462305775,85.6867641738572,5.60804738688951,0,0.984095563225303,0.00776566723253734,17391,0,85.6867641738572
"Tzeltal","74+Per",-391.22254788939,3.67417663754453,0,0,100,0.993436167865739,0.00677681753292722,17391,0,0
"Tzeltal","74+Phy",-432.740086048831,3.99017747194768,83.0350763188818,6.05242110222646,0,0.988709189572101,0.00779779404426111,17391,0,83.0350763188818
"Tzeltal","74+Phy+Per",-393.840466702439,4.10787170890141,5.2358376260975,2.46706046261453,0,0.993251476932143,0.00681685006219189,17391,0,5.23583762609746
"Tzeltal","Per",-706.203146872585,3.72051116508112,629.96119796639,5.09152846609615,0,0.951859216061578,0.00972972323677681,17391,0,629.96119796639
"Tzeltal","Phy",-761.357800993997,3.66184294346137,740.270506209213,7.11119650286441,0,0.955764380233798,0.0114585967083275,17391,0,740.270506209213
"Tzeltal","Phy+Per",-584.275576535378,3.91921823788247,386.106057291975,5.00440239627309,0,0.9734111441903,0.00885215315501538,17391,0,386.106057291975
"Tzeltal","null",-1241.38171277771,2.22429347595487,1700.31832977664,7.04915394419164,0,0.38609910065851,0.0132254967570149,17391,0,1700.31832977664
"Zapotec","23",-802.870600047568,3.73889802445088,138.44185089492,8.64999021287815,0,0.902861178176684,0.0180628855081331,11476,0,138.121984225138
"Zapotec","74",-797.233917619169,3.48072709064128,127.168486038123,7.66954923576479,0,0.912026393647719,0.0183726485706831,11476,0,126.84861936834
"Zapotec","74+Per",-739.901502362447,4.89922968244768,12.503655524678,5.67740583709498,6,0.964784381164683,0.0182238574957538,11476,0,12.1837888548955
"Zapotec","74+Phy",-797.88835888445,4.1174887176174,128.477368568685,5.71689659150491,0,0.925986568144756,0.018391001103273,11476,0,128.157501898903
"Zapotec","74+Phy+Per",-733.809607934999,5.81464251536908,0.319866669782482,1.69310095296001,94,0.963677363057993,0.0179310125924375,11476,0,0
"Zapotec","Per",-967.443157428355,3.51737980419133,467.586965656495,9.91091057641516,0,0.918892524002327,0.0225304910583388,11476,0,467.267098986713
"Zapotec","Phy",-1059.5626772571,4.45405080718057,651.826005313982,8.42968144761621,0,0.880849839868568,0.0229449147084559,11476,0,651.5061386442
"Zapotec","Phy+Per",-898.753846926266,5.75856737153406,330.208344652318,6.16103154614093,0,0.937732239843297,0.0217120491633322,11476,0,329.888477982535
"Zapotec","null",-1426.19356913877,1.92399361676886,1385.08778907733,10.8338339459248,0,0.405491677831382,0.0262200199050494,11476,0,1384.76792240755
