"language","model","ll","bic","dbic"
"Anindilyakwa","null",-2203.27430032092,4416.33364243917,2042.20895158961
"Anindilyakwa","23",-1361.84281258966,2743.25570877398,369.131017924421
"Anindilyakwa","74",-1313.25779305593,2646.08566970652,271.960978856968
"Anindilyakwa","Phy",-1562.09569446279,3143.76147252024,769.636781670682
"Anindilyakwa","Per",-1488.06462032731,2995.69932424928,621.574633399722
"Anindilyakwa","74+Phy",-1308.99215934312,2647.33944407822,273.214753228667
"Anindilyakwa","74+Per",-1172.38478272878,2374.12469084956,0
"Anindilyakwa","Phy+Per",-1284.8508548675,2599.05683512698,224.932144277428
"Anindilyakwa","74+Phy+Per",-1171.4422839652,2382.02473511972,7.90004427016675
"Innu","null",-494.404071232101,997.254054453614,442.599841210884
"Innu","23",-282.767554895986,582.426933770794,27.7727205280635
"Innu","74",-272.486188969011,561.864201916845,7.20998867411492
"Innu","Phy",-339.522040609164,695.93590519715,141.28169195442
"Innu","Per",-381.540278442479,779.97238086378,225.31816762105
"Innu","74+Phy",-264.658238637248,554.65421324273,0
"Innu","74+Per",-271.491907805568,568.32155157937,13.6673383366402
"Innu","Phy+Per",-324.123693685257,673.585123338749,118.930910096018
"Innu","74+Phy+Per",-262.579315771624,558.942279500892,4.28806625816208
"Saami","null",-279.916799838741,567.866609176079,229.552749194812
"Saami","23",-203.535816608493,423.13765221418,84.8237922329126
"Saami","74",-177.771425582236,371.608870161665,33.2950101803972
"Saami","Phy",-225.613371864187,467.292762725567,128.978902744299
"Saami","Per",-234.050601641355,484.167222279903,145.853362298635
"Saami","74+Phy",-157.107415742739,338.313859981268,0
"Saami","74+Per",-176.313021463063,376.725071421917,38.4112114406493
"Saami","Phy+Per",-213.599827833827,451.298684163444,112.984824182176
"Saami","74+Phy+Per",-154.297978770229,340.727995534845,2.41413555357701
"Tlingit","null",-488.540530708002,986.115261090261,547.567533911072
"Tlingit","23",-254.759673626807,527.587746602129,89.0400194229402
"Tlingit","74",-233.347338196568,484.763075741651,46.2153485624625
"Tlingit","Phy",-321.709067586715,661.486534521945,222.938807342757
"Tlingit","Per",-295.405855301187,608.880109950889,170.3323827717
"Tlingit","74+Phy",-232.195271473699,491.49314197017,52.9454147909814
"Tlingit","74+Per",-205.722564078208,438.547727179189,0
"Tlingit","Phy+Per",-254.355709723806,535.814018470383,97.2662912911942
"Tlingit","74+Phy+Per",-202.001357500114,440.139513697257,1.59178651806786
"Tobelo","null",-391.910638371107,792.609260138413,441.145410332519
"Tobelo","23",-190.816229435882,399.20842566416,47.7445758582654
"Tobelo","74",-187.498946813344,392.573860419084,41.11001061319
"Tobelo","Phy",-286.962559753373,591.501086299141,240.037236493247
"Tobelo","Per",-249.731568545441,517.039103883278,165.575254077384
"Tobelo","74+Phy",-179.303854870843,384.971659930279,33.5078101243845
"Tobelo","74+Per",-171.051268316084,368.466486820761,17.002637014867
"Tobelo","Phy+Per",-224.393378836577,475.150707861747,123.686858055853
"Tobelo","74+Phy+Per",-158.155958110551,351.463849805894,0
"Tzeltal","null",-1236.28417625588,2482.33206062176,1695.55692119015
"Tzeltal","23",-414.904722968651,849.336862157317,62.5617227257057
"Tzeltal","74",-425.472187033792,870.471790287599,83.6966508559881
"Tzeltal","Phy",-750.776106586029,1521.07962939207,734.304489960463
"Tzeltal","Per",-694.340901286772,1408.20921879356,621.434079361949
"Tzeltal","74+Phy",-420.60494771563,870.501019761283,83.7258803296717
"Tzeltal","74+Per",-378.742007550794,786.775139431611,0
"Tzeltal","Phy+Per",-571.092078657853,1171.47528164573,384.700142214118
"Tzeltal","74+Phy+Per",-378.723340104031,796.501512648093,9.72637321648222
"Zapotec","null",-1421.73573928176,2852.81949174062,1391.60745455156
"Zapotec","23",-792.549508582941,1603.79504352008,142.583006331023
"Zapotec","74",-787.200398052953,1593.09682246011,131.884785271047
"Zapotec","Phy",-1046.11660821808,2110.92924279036,649.717205601298
"Zapotec","Per",-957.534184894833,1933.76439614387,472.552358954807
"Zapotec","74+Phy",-783.19449056707,1594.43302066544,133.220983476381
"Zapotec","74+Per",-723.514408840441,1475.07285721219,13.8608200231236
"Zapotec","Phy+Per",-879.11642278112,1786.27688509354,325.064847904481
"Zapotec","74+Phy+Per",-711.909992240328,1461.21203718906,0
"All","null",-6530.20560542387,13082.7038997976,6528.91267123969
"All","23",-3668.56644215721,7370.57191773916,816.780689181285
"All","74",-3550.33138865754,7134.10181073981,580.310582181934
"All","Phy",-4618.27814823847,9269.99532990168,2716.20410134381
"All","Per",-4401.06257294108,8835.56417930689,2281.77295074902
"All","74+Phy",-3547.1299167324,7138.84521136444,585.05398280657
"All","74+Per",-3266.65199946705,6577.88937683374,24.0981482758707
"All","Phy+Per",-3867.59882093078,7779.7830197612,1225.99179120333
"All","74+Phy+Per",-3249.02975309166,6553.79122855787,0
