"language","contrast","diff_mean","diff_sd","pct_favour_first"
"Anindilyakwa","74 vs 23",48.3783094089516,1.6266260435105,100
"Innu","74 vs 23",10.376831342919,1.01318954379437,100
"Saami","74 vs 23",26.7339028997708,1.1973062271966,100
"Tlingit","74 vs 23",22.565303004706,0.685775251637744,100
"Tobelo","74 vs 23",3.39717139181366,0.546816795747845,100
"Tzeltal","74 vs 23",-10.803374858065,1.79497719635425,0
"Zapotec","74 vs 23",5.63668242839869,1.68938864668904,100
"All","74 vs 23",117.29667655636,2.46454400242974,100
"Anindilyakwa","74+Per vs 74",132.876441790585,3.43421911081958,100
"Innu","74+Per vs 74",-2.56805360017518,1.60405030369213,4
"Saami","74+Per vs 74",-0.592228972729872,0.873789752326752,28
"Tlingit","74+Per vs 74",24.8709963041042,1.59013433789956,100
"Tobelo","74+Per vs 74",14.2700407105454,0.941544809791685,100
"Tzeltal","74+Per vs 74",42.8433820869286,2.80402369344476,100
"Zapotec","74+Per vs 74",57.3324152567223,2.64537379633628,100
"All","74+Per vs 74",274.524980021709,3.65667107360319,100
"Anindilyakwa","74+Phy+Per vs 74+Per",-2.80412948101208,1.63467470862747,4
"Innu","74+Phy+Per vs 74+Per",3.2620566382184,2.66257737814489,88
"Saami","74+Phy+Per vs 74+Per",18.4312084324353,2.45460684590453,100
"Tlingit","74+Phy+Per vs 74+Per",0.173995129368502,1.65988769803589,58
"Tobelo","74+Phy+Per vs 74+Per",11.7224626837767,0.986677363142772,100
"Tzeltal","74+Phy+Per vs 74+Per",-2.61791881304875,1.23353023130727,0
"Zapotec","74+Phy+Per vs 74+Per",6.09189442744774,3.28868431853084,94
"All","74+Phy+Per vs 74+Per",14.2579795354471,2.06121845929652,100
"Anindilyakwa","74+Phy vs 74",-0.0738276950937187,2.07104954361804,52
"Innu","74+Phy vs 74",2.281483291452,2.81583939347219,84
"Saami","74+Phy vs 74",17.0019113835103,2.34267224445824,100
"Tlingit","74+Phy vs 74",-2.62462070127922,1.52916854070175,2
"Tobelo","74+Phy vs 74",6.89172188671211,1.00151615264701,100
"Tzeltal","74+Phy vs 74",1.3258439274877,1.79201996429215,78
"Zapotec","74+Phy vs 74",-0.654441265281323,2.48795333842243,44
"All","74+Phy vs 74",-1.0958232467435,2.07833922503081,34
"Anindilyakwa","Per vs Phy",65.9505271019655,5.1568120788064,100
"Innu","Per vs Phy",-44.9643749348977,2.46351581652505,0
"Saami","Per vs Phy",-6.50458410205478,1.49351327747931,0
"Tlingit","Per vs Phy",26.3812003097857,2.09647119459313,100
"Tobelo","Per vs Phy",35.7717806269848,1.62671676448105,100
"Tzeltal","Per vs Phy",55.1546541214119,3.93314099750646,100
"Zapotec","Per vs Phy",92.1195198287436,4.80832470412069,100
"All","Per vs Phy",217.374673683105,6.27072603957549,100
