"language","model","ddev_mean","ddev_sd","pct_best","dbic"
"Anindilyakwa","null",2035.03843462257,8.98821466682945,0,2042.20895158961
"Innu","null",438.083489460717,5.49494605110422,0,442.599841210884
"Saami","null",233.572949485951,4.99923946272372,0,229.552749194812
"Tlingit","null",554.163754390414,4.83959415753914,0,547.567533911072
"Tobelo","null",454.925416693866,4.65708559836472,0,441.145410332519
"Tzeltal","null",1700.31832977664,7.04915394419164,0,1695.55692119015
"Zapotec","null",1385.08778907733,10.8338339459248,0,1391.60745455156
"All","null",6511.00840286143,12.198935053302,0,6528.91267123969
"Anindilyakwa","23",362.525612557983,7.51712961046488,0,369.131017924421
"Innu","23",26.1901672582341,5.31378723343453,0,27.7727205280635
"Saami","23",89.3645496123234,5.1949245551184,0,84.8237922329126
"Tlingit","23",96.3694262717833,3.62674775054623,0,89.0400194229402
"Tobelo","23",58.7793495722714,3.15280746432634,0,47.7445758582654
"Tzeltal","23",64.0800144577272,6.7694468004941,0,62.5617227257057
"Zapotec","23",138.44185089492,8.64999021287815,0,142.583006331023
"All","23",812.159272227032,8.75902578125128,0,816.780689181285
"Anindilyakwa","74",265.76899374008,6.88081243234921,0,271.960978856968
"Innu","74",5.43650457239602,4.57322565878502,16,7.20998867411492
"Saami","74",35.8967438127818,4.88047617856555,0,33.2950101803972
"Tlingit","74",51.2388202623712,3.69831457448024,0,46.2153485624625
"Tobelo","74",51.9850067886441,2.65791419833523,0,41.11001061319
"Tzeltal","74",85.6867641738572,5.60804738688951,0,83.6966508559881
"Zapotec","74",127.168486038123,7.66954923576479,0,131.884785271047
"All","74",577.565919114312,8.45123364824981,0,580.310582181934
"Anindilyakwa","Phy",763.596533468932,8.22326021111449,0,769.636781670682
"Innu","Phy",137.304236332198,4.22987634441179,0,141.28169195442
"Saami","Phy",131.776549159956,5.42373194497333,0,128.978902744299
"Tlingit","Phy",228.9013067174,3.88712068208741,0,222.938807342757
"Tobelo","Phy",248.494826050503,4.5263882771781,0,240.037236493247
"Tzeltal","Phy",740.270506209213,7.11119650286441,0,734.304489960463
"Zapotec","Phy",651.826005313982,8.42968144761621,0,649.717205601298
"All","Phy",2716.79495514349,10.6939892890211,0,2716.20410134381
"Anindilyakwa","Per",631.695479265001,5.36317596011199,0,621.574633399722
"Innu","Per",227.232986201993,5.91627308325546,0,225.31816762105
"Saami","Per",144.785717364065,4.90821494978199,0,145.853362298635
"Tlingit","Per",176.138906097829,3.66491337383129,0,170.3323827717
"Tobelo","Per",176.951264796533,4.82000946159354,0,165.575254077384
"Tzeltal","Per",629.96119796639,5.09152846609615,0,621.434079361949
"Zapotec","Per",467.586965656495,9.91091057641516,0,472.552358954807
"All","Per",2282.04560777728,10.7165741659493,0,2281.77295074902
"Anindilyakwa","74+Phy",265.916649130267,7.02667334339952,0,273.214753228667
"Innu","74+Phy",0.87353798949202,2.10361268405945,70,0
"Saami","74+Phy",1.89292104576126,1.72077133545565,18,0
"Tlingit","74+Phy",56.4880616649296,3.16170943377583,0,52.9454147909814
"Tobelo","74+Phy",38.2015630152199,1.98777386305506,0,33.5078101243845
"Tzeltal","74+Phy",83.0350763188818,6.05242110222646,0,83.7258803296717
"Zapotec","74+Phy",128.477368568685,5.71689659150491,0,133.220983476381
"All","74+Phy",579.757565607799,7.5253073618212,0,585.05398280657
"Anindilyakwa","74+Per",0.0161101589105147,0.106241772902279,96,0
"Innu","74+Per",10.5726117727464,4.65520168759129,0,13.6673383366402
"Saami","74+Per",37.0812017582415,4.85902247541453,0,38.4112114406493
"Tlingit","74+Per",1.49682765416274,1.79498402997793,42,0
"Tobelo","74+Per",23.4449253675534,1.97335472628554,0,17.002637014867
"Tzeltal","74+Per",0,0,100,0
"Zapotec","74+Per",12.503655524678,5.67740583709498,6,13.8608200231236
"All","74+Per",28.5159590708941,4.12243691859303,0,24.0981482758707
"Anindilyakwa","Phy+Per",226.522127226561,5.55524776230605,0,224.932144277428
"Innu","Phy+Per",115.555399617876,5.44434365284113,0,118.930910096018
"Saami","Phy+Per",111.346804681481,5.22261990250596,0,112.984824182176
"Tlingit","Phy+Per",99.7783902095846,2.85311931225133,0,97.2662912911942
"Tobelo","Phy+Per",127.44081246427,4.61564158231738,0,123.686858055853
"Tzeltal","Phy+Per",386.106057291975,5.00440239627309,0,384.700142214118
"Zapotec","Phy+Per",330.208344652318,6.16103154614093,0,325.064847904481
"All","Phy+Per",1237.08865170513,9.13249088076638,0,1225.99179120333
"Anindilyakwa","74+Phy+Per",5.62436912093467,3.23920375880269,4,7.90004427016675
"Innu","74+Phy+Per",4.04849849630959,3.65255918558266,14,4.28806625816208
"Saami","74+Phy+Per",0.21878489337086,0.62504919537546,82,2.41413555357701
"Tlingit","74+Phy+Per",1.14883739542573,2.0711179631702,58,1.59178651806786
"Tobelo","74+Phy+Per",0,0,100,0
"Tzeltal","74+Phy+Per",5.2358376260975,2.46706046261453,0,9.72637321648222
"Zapotec","74+Phy+Per",0.319866669782482,1.69310095296001,94,0
"All","74+Phy+Per",0,0,100,0
