"language","rep","p_mrqap","p_naive"
"Anindilyakwa",1,0.965,0.870932647472456
"Anindilyakwa",2,0.525,0.276518871905576
"Anindilyakwa",3,0.195,0.0178072426173568
"Anindilyakwa",4,0.315,0.0919559153758958
"Anindilyakwa",5,0.215,0.0285572611808709
"Anindilyakwa",6,0.1,0.0023367755399676
"Anindilyakwa",7,0.56,0.276489132226099
"Anindilyakwa",8,0.55,0.255845750514938
"Anindilyakwa",9,0.97,0.943120321058355
"Anindilyakwa",10,0.495,0.214704583121997
"Anindilyakwa",11,0.215,0.0416762700164976
"Anindilyakwa",12,0.82,0.690235572232631
"Anindilyakwa",13,0.94,0.874254781522472
"Anindilyakwa",14,0.72,0.50544444012088
"Anindilyakwa",15,0.565,0.224753946593923
"Anindilyakwa",16,0.055,0.00156521548041787
"Anindilyakwa",17,0.18,0.022325779465704
"Anindilyakwa",18,0.265,0.0351784018841999
"Anindilyakwa",19,0.35,0.0923669750680209
"Anindilyakwa",20,0.53,0.28821518370337
"Anindilyakwa",21,0.805,0.689180747017482
"Anindilyakwa",22,0.25,0.0282524106344184
"Anindilyakwa",23,0.195,0.0235963072976875
"Anindilyakwa",24,0.055,0.000132371601323438
"Anindilyakwa",25,0.72,0.551818868429757
"Anindilyakwa",26,0.38,0.0724206896053285
"Anindilyakwa",27,0.885,0.744142458335199
"Anindilyakwa",28,0.49,0.265386004118303
"Anindilyakwa",29,0.07,0.00039301460226958
"Anindilyakwa",30,0.95,0.916669834554037
"Anindilyakwa",31,0.235,0.0252020304614765
"Anindilyakwa",32,0.94,0.864190764378974
"Anindilyakwa",33,0.78,0.54603074514032
"Anindilyakwa",34,0.56,0.245198640179506
"Anindilyakwa",35,0.725,0.472597233770436
"Anindilyakwa",36,0.37,0.108363751913996
"Anindilyakwa",37,0.445,0.127426729408953
"Anindilyakwa",38,0.695,0.452464593374785
"Anindilyakwa",39,0.775,0.52471323226047
"Anindilyakwa",40,0.125,0.00510603617904466
"Anindilyakwa",41,0.97,0.977390980345986
"Anindilyakwa",42,0.265,0.0603496224395962
"Anindilyakwa",43,0.44,0.182295552192282
"Anindilyakwa",44,0.345,0.113779823910425
"Anindilyakwa",45,0.27,0.0406851818443461
"Anindilyakwa",46,0.615,0.4177699342921
"Anindilyakwa",47,0.99,0.97624091667889
"Anindilyakwa",48,0.53,0.31768121475663
"Anindilyakwa",49,0.635,0.378508011077908
"Anindilyakwa",50,0.62,0.429433012063299
"Anindilyakwa",51,0.96,0.90336810270669
"Anindilyakwa",52,0.365,0.124389805502424
"Anindilyakwa",53,0.48,0.193415870301169
"Anindilyakwa",54,0.99,0.9770834613692
"Anindilyakwa",55,0.975,0.953997495008908
"Anindilyakwa",56,0.06,0.00332006205089752
"Anindilyakwa",57,0.1,0.000695167751105793
"Anindilyakwa",58,0.09,0.000669705354498603
"Anindilyakwa",59,0.125,0.00275153338238902
"Anindilyakwa",60,0.36,0.130038646979749
"Anindilyakwa",61,0.505,0.170092342594578
"Anindilyakwa",62,0.35,0.10553316131861
"Anindilyakwa",63,0.45,0.191324223808497
"Anindilyakwa",64,0.365,0.081492721434703
"Anindilyakwa",65,0.975,0.968575028994679
"Anindilyakwa",66,0.405,0.261051021497027
"Anindilyakwa",67,0.78,0.640009401055243
"Anindilyakwa",68,0.305,0.033987326928835
"Anindilyakwa",69,0.4,0.109444496023396
"Anindilyakwa",70,0.41,0.129411568275307
"Anindilyakwa",71,0.475,0.234321541697355
"Anindilyakwa",72,0.185,0.0101574648104607
"Anindilyakwa",73,0.2,0.0319688796676685
"Anindilyakwa",74,0.615,0.339222708389465
"Anindilyakwa",75,0.095,0.00115711422969196
"Anindilyakwa",76,0.71,0.499359488483393
"Anindilyakwa",77,0.55,0.345108225551353
"Anindilyakwa",78,0.14,0.00736565149349454
"Anindilyakwa",79,0.195,0.0053579480396565
"Anindilyakwa",80,0.6,0.373217698764379
"Anindilyakwa",81,0.79,0.625665609982619
"Anindilyakwa",82,0.465,0.149889434055115
"Anindilyakwa",83,0.3,0.0532978018598258
"Anindilyakwa",84,0.43,0.221477063392852
"Anindilyakwa",85,0.56,0.264124453874622
"Anindilyakwa",86,0.01,3.25626296680883e-06
"Anindilyakwa",87,0.48,0.186539833783206
"Anindilyakwa",88,0.26,0.0344521015404871
"Anindilyakwa",89,0.29,0.0691830815204773
"Anindilyakwa",90,0.43,0.101763493227027
"Anindilyakwa",91,0.23,0.0214974457865782
"Anindilyakwa",92,0.235,0.0307587686900295
"Anindilyakwa",93,0.495,0.163034162810178
"Anindilyakwa",94,0.135,0.00781871117057062
"Anindilyakwa",95,0.415,0.137287008697705
"Anindilyakwa",96,0.45,0.143192243730341
"Anindilyakwa",97,0.135,0.0136308966086192
"Anindilyakwa",98,0.925,0.872327822341471
"Anindilyakwa",99,0.505,0.273784867466832
"Anindilyakwa",100,0.885,0.823063822801391
"Innu",1,0.05,0.0243024588015969
"Innu",2,0.65,0.506437914758423
"Innu",3,0.11,0.0475544383758881
"Innu",4,0.275,0.121849248676903
"Innu",5,0.335,0.173445996262349
"Innu",6,0.715,0.632712661385453
"Innu",7,0.715,0.629959691500958
"Innu",8,0.955,0.947364470373156
"Innu",9,0.995,0.956323866308594
"Innu",10,0.89,0.861208888771525
"Innu",11,0.045,0.00354148324369637
"Innu",12,0.03,0.00648535530113976
"Innu",13,0.475,0.369833634955119
"Innu",14,0.47,0.271681032563107
"Innu",15,0.67,0.625288302902416
"Innu",16,0.405,0.323819873571489
"Innu",17,0.995,0.99737251277563
"Innu",18,0.9,0.915295883164985
"Innu",19,0.21,0.0458045215458608
"Innu",20,0.415,0.308411783059901
"Innu",21,0.125,0.0422281847807182
"Innu",22,0.305,0.137213121775713
"Innu",23,0.195,0.106358179173527
"Innu",24,0.935,0.887310669404424
"Innu",25,0.405,0.194496210697328
"Innu",26,0.885,0.853006786736194
"Innu",27,0.27,0.179457663017791
"Innu",28,0.965,0.929898789054268
"Innu",29,0.415,0.250241993774245
"Innu",30,0.355,0.245682721414426
"Innu",31,0.29,0.165683138506357
"Innu",32,1,0.996514021232608
"Innu",33,0.665,0.59637806195747
"Innu",34,0.085,0.0168600878431402
"Innu",35,0.55,0.477187489759922
"Innu",36,0.125,0.0436946440072157
"Innu",37,0.925,0.927111585920015
"Innu",38,0.105,0.0420303080460872
"Innu",39,0.545,0.415429363998937
"Innu",40,0.35,0.182657770601697
"Innu",41,0.39,0.178177950263496
"Innu",42,0.8,0.698357683398604
"Innu",43,0.76,0.708347955846288
"Innu",44,0.51,0.353795166582518
"Innu",45,0.93,0.923666266235746
"Innu",46,0.25,0.163761343549831
"Innu",47,0.745,0.652606545216499
"Innu",48,0.875,0.808364014397439
"Innu",49,0.07,0.0117099828309485
"Innu",50,0.44,0.259935024162063
"Innu",51,0.35,0.218873395037034
"Innu",52,0.36,0.229664348734945
"Innu",53,0.73,0.561129634813926
"Innu",54,0.48,0.315143234133412
"Innu",55,0.325,0.201727931171852
"Innu",56,0.84,0.803563132505387
"Innu",57,0.79,0.653163478098678
"Innu",58,0.33,0.211173871740323
"Innu",59,0.7,0.536820718506991
"Innu",60,0.7,0.628357670720585
"Innu",61,0.7,0.598724968577223
"Innu",62,0.695,0.615187954335711
"Innu",63,0.19,0.102987800663241
"Innu",64,0.79,0.729313118900171
"Innu",65,0.245,0.113502066501605
"Innu",66,0.03,0.00449278410956181
"Innu",67,0.41,0.294991517763676
"Innu",68,0.945,0.929946318700099
"Innu",69,0.555,0.429872804171732
"Innu",70,0.74,0.671819265989172
"Innu",71,0.42,0.32625248945264
"Innu",72,0.1,0.0430330253182356
"Innu",73,0.28,0.166701083799747
"Innu",74,0.45,0.284694231942844
"Innu",75,0.785,0.67315145893309
"Innu",76,0.87,0.732455907828742
"Innu",77,0.03,0.00527050781139376
"Innu",78,0.235,0.06474696861553
"Innu",79,0.005,1.58624307211317e-05
"Innu",80,0.795,0.72920576126699
"Innu",81,0.885,0.854998477368482
"Innu",82,0.69,0.513482923380061
"Innu",83,0.59,0.486227338640419
"Innu",84,0.785,0.712477881254446
"Innu",85,0.21,0.0786939980857919
"Innu",86,0.72,0.649916665312082
"Innu",87,0.03,0.00146758560698824
"Innu",88,0.02,0.0011471730661909
"Innu",89,0.72,0.610043580880966
"Innu",90,0.97,0.980335360892839
"Innu",91,0.155,0.049938689462551
"Innu",92,0.87,0.790889845523724
"Innu",93,0.035,0.00620554205014596
"Innu",94,0.53,0.431294260394858
"Innu",95,0.18,0.0412544286506422
"Innu",96,0.695,0.630286669640223
"Innu",97,0.55,0.40983815936812
"Innu",98,0.675,0.526125473729594
"Innu",99,0.975,0.967783914736665
"Innu",100,0.595,0.479053784965547
"Saami",1,0.605,0.388326775377792
"Saami",2,0.215,0.0329866488775059
"Saami",3,0.315,0.0868734928086502
"Saami",4,0.39,0.236129634188994
"Saami",5,0.395,0.165816687029415
"Saami",6,0.525,0.260626422657579
"Saami",7,0.475,0.295289628996217
"Saami",8,0.26,0.0521406717746168
"Saami",9,0.595,0.39958642427292
"Saami",10,0.195,0.0532023055855526
"Saami",11,0.125,0.0171707677372722
"Saami",12,0.015,2.91846624096514e-05
"Saami",13,0.98,0.967067324849497
"Saami",14,0.71,0.459175020589858
"Saami",15,0.08,0.00188094490330299
"Saami",16,0.695,0.508553985465437
"Saami",17,0.39,0.156190643328564
"Saami",18,0.145,0.0133893690273683
"Saami",19,0.735,0.604471442448688
"Saami",20,0.475,0.280221627305752
"Saami",21,0.735,0.564374690464438
"Saami",22,0.145,0.0244797908341039
"Saami",23,0.035,0.0031550956453001
"Saami",24,0.155,0.0388068225794991
"Saami",25,0.775,0.563484847548107
"Saami",26,0.5,0.31722991208106
"Saami",27,0.505,0.258619441972864
"Saami",28,0.55,0.319094146430681
"Saami",29,0.705,0.531497445428549
"Saami",30,0.885,0.782223956488142
"Saami",31,0.565,0.311953183978155
"Saami",32,0.105,0.0106561682405743
"Saami",33,0.99,0.971314691142996
"Saami",34,0.95,0.952439672981697
"Saami",35,0.115,0.0107022279233414
"Saami",36,0.51,0.30462660772762
"Saami",37,0.925,0.88708259925397
"Saami",38,0.25,0.0529766473512979
"Saami",39,0.98,0.961354839411276
"Saami",40,0.21,0.067330401209407
"Saami",41,0.735,0.526108586352878
"Saami",42,0.55,0.296095650204487
"Saami",43,0.47,0.26752803476432
"Saami",44,0.245,0.0585909410121124
"Saami",45,0.625,0.481329085315675
"Saami",46,0.825,0.638302548813413
"Saami",47,0.305,0.107355893397792
"Saami",48,0.905,0.868692890198304
"Saami",49,0.04,0.000617782909303476
"Saami",50,0.825,0.645624398904546
"Saami",51,0.505,0.188511271229169
"Saami",52,0.27,0.0692219397412125
"Saami",53,0.36,0.123879184638019
"Saami",54,0.115,0.0145459258953745
"Saami",55,0.47,0.215834642618868
"Saami",56,0.115,0.0107342467282925
"Saami",57,0.57,0.432108932146413
"Saami",58,0.3,0.0652830378068154
"Saami",59,0.995,0.97785875979201
"Saami",60,0.435,0.19594202683943
"Saami",61,0.03,0.000828030058802979
"Saami",62,0.16,0.0248660687252033
"Saami",63,0.415,0.167606584512459
"Saami",64,0.905,0.842373084035136
"Saami",65,0.92,0.917394223907139
"Saami",66,0.825,0.694785783046875
"Saami",67,0.385,0.22313281355068
"Saami",68,0.515,0.311252911123307
"Saami",69,0.54,0.352626833677771
"Saami",70,0.515,0.302988572003507
"Saami",71,0.505,0.251304288638107
"Saami",72,0.33,0.0820128214781977
"Saami",73,0.38,0.167293784597909
"Saami",74,0.84,0.78413507181404
"Saami",75,0.805,0.746625773384686
"Saami",76,0.35,0.118549750893463
"Saami",77,0.05,0.00561288899512114
"Saami",78,0.83,0.617551050109977
"Saami",79,0.525,0.236832885390706
"Saami",80,0.2,0.0405281746747601
"Saami",81,0.41,0.208900643379199
"Saami",82,0.345,0.121089704197032
"Saami",83,0.115,0.00874095286434169
"Saami",84,0.05,0.00451401791571044
"Saami",85,0.705,0.503374614564809
"Saami",86,0.135,0.00883832398111702
"Saami",87,0.495,0.180228941778208
"Saami",88,0.145,0.0159605367097483
"Saami",89,0.48,0.196370204618495
"Saami",90,0.6,0.339999274688752
"Saami",91,0.175,0.0313423223037655
"Saami",92,0.015,8.6554593044884e-05
"Saami",93,0.665,0.525653630166532
"Saami",94,0.72,0.561035761450742
"Saami",95,0.45,0.25928404753737
"Saami",96,0.395,0.164691363859737
"Saami",97,0.53,0.293133124525056
"Saami",98,0.445,0.21657847621794
"Saami",99,0.07,0.00448601493152141
"Saami",100,0.4,0.154851844233447
"Tlingit",1,0.71,0.585703125716089
"Tlingit",2,0.61,0.38981780148536
"Tlingit",3,0.485,0.237814498576823
"Tlingit",4,0.89,0.813221914549659
"Tlingit",5,0.03,0.00155815081111468
"Tlingit",6,0.485,0.222278678754779
"Tlingit",7,0.62,0.502132767588635
"Tlingit",8,0.565,0.410313403876567
"Tlingit",9,0.09,0.0151967206361627
"Tlingit",10,0.45,0.227333717160882
"Tlingit",11,0.06,0.00628078734265612
"Tlingit",12,0.305,0.075948783314228
"Tlingit",13,0.425,0.211615078199057
"Tlingit",14,0.505,0.319230874962507
"Tlingit",15,0.125,0.010483915593015
"Tlingit",16,0.515,0.298951884420486
"Tlingit",17,0.445,0.309340854192812
"Tlingit",18,0.045,0.0037928036972348
"Tlingit",19,0.885,0.782745266149083
"Tlingit",20,0.69,0.559281204233379
"Tlingit",21,0.625,0.477127872494689
"Tlingit",22,0.375,0.201187542468728
"Tlingit",23,0.05,0.00372070626859653
"Tlingit",24,0.84,0.778872222430639
"Tlingit",25,0.285,0.110930359742763
"Tlingit",26,0.465,0.287294665564768
"Tlingit",27,0.39,0.181009293279105
"Tlingit",28,0.405,0.227631409107555
"Tlingit",29,0.9,0.822750974462996
"Tlingit",30,0.665,0.513874000780814
"Tlingit",31,0.59,0.405742554446513
"Tlingit",32,0.635,0.507909286934746
"Tlingit",33,0.885,0.821618945873011
"Tlingit",34,0.21,0.0589960380835947
"Tlingit",35,0.59,0.360693439994781
"Tlingit",36,0.935,0.837532621173237
"Tlingit",37,0.47,0.296372625848302
"Tlingit",38,0.725,0.559261002206734
"Tlingit",39,0.825,0.771489360823785
"Tlingit",40,0.61,0.420608850225507
"Tlingit",41,0.1,0.0119065220654405
"Tlingit",42,0.555,0.389599425915671
"Tlingit",43,0.355,0.168380250715722
"Tlingit",44,0.9,0.907799178213378
"Tlingit",45,0.56,0.364844374022279
"Tlingit",46,0.72,0.581125871934437
"Tlingit",47,0.145,0.0373280298193181
"Tlingit",48,0.99,0.965073180415018
"Tlingit",49,0.53,0.28899207198603
"Tlingit",50,0.49,0.275356576793062
"Tlingit",51,0.245,0.100841276396806
"Tlingit",52,0.215,0.0879479954145964
"Tlingit",53,0.765,0.642006029504826
"Tlingit",54,0.13,0.0232828301008621
"Tlingit",55,0.065,0.0043225941562305
"Tlingit",56,0.55,0.281143025280977
"Tlingit",57,0.915,0.88377172041361
"Tlingit",58,0.75,0.583543673564591
"Tlingit",59,0.5,0.395189072422213
"Tlingit",60,0.46,0.230838046422929
"Tlingit",61,0.89,0.769244487053027
"Tlingit",62,0.145,0.0165041037957197
"Tlingit",63,0.47,0.284822747870452
"Tlingit",64,0.455,0.223199204873838
"Tlingit",65,0.925,0.866326860110076
"Tlingit",66,0.9,0.803377502411488
"Tlingit",67,0.405,0.197409812179762
"Tlingit",68,0.1,0.0101829074856708
"Tlingit",69,0.555,0.407961810531852
"Tlingit",70,0.795,0.682758763246581
"Tlingit",71,0.44,0.261066648664117
"Tlingit",72,0.645,0.457078426777894
"Tlingit",73,0.245,0.0867415542365051
"Tlingit",74,0.11,0.0192054544069165
"Tlingit",75,0.56,0.419009314793709
"Tlingit",76,0.075,0.00744782795313394
"Tlingit",77,0.54,0.369509495355504
"Tlingit",78,0.81,0.745213031887663
"Tlingit",79,0.545,0.330454639829146
"Tlingit",80,0.36,0.185005413232372
"Tlingit",81,0.685,0.522280905809388
"Tlingit",82,0.715,0.642830411179102
"Tlingit",83,0.845,0.771292108701927
"Tlingit",84,0.18,0.0444783011263021
"Tlingit",85,0.43,0.23084009645366
"Tlingit",86,0.345,0.149728550065306
"Tlingit",87,0.875,0.782467228766281
"Tlingit",88,0.12,0.0216174941198587
"Tlingit",89,0.37,0.207676263428222
"Tlingit",90,0.51,0.376446760436099
"Tlingit",91,0.215,0.0713991221589674
"Tlingit",92,0.925,0.89511882489197
"Tlingit",93,0.42,0.22593742807556
"Tlingit",94,0.965,0.939084459107825
"Tlingit",95,0.195,0.0559033385674459
"Tlingit",96,0.235,0.0582716737539928
"Tlingit",97,0.915,0.855730461800508
"Tlingit",98,0.87,0.785204206764102
"Tlingit",99,0.11,0.0109529401079695
"Tlingit",100,0.845,0.736548573481764
"Tobelo",1,0.915,0.851391557434429
"Tobelo",2,0.315,0.194622670504655
"Tobelo",3,0.51,0.334809121364714
"Tobelo",4,0.85,0.72957667044511
"Tobelo",5,0.425,0.291331584540249
"Tobelo",6,0.535,0.327460609098017
"Tobelo",7,0.63,0.503950166010029
"Tobelo",8,0.955,0.933691048811691
"Tobelo",9,0.635,0.609246154286176
"Tobelo",10,0.16,0.0509707785035099
"Tobelo",11,0.48,0.329290871902625
"Tobelo",12,0.9,0.864625666243902
"Tobelo",13,0.28,0.111043638834825
"Tobelo",14,0.02,0.00238986059914885
"Tobelo",15,0.015,0.00492009033823749
"Tobelo",16,0.3,0.172177618229928
"Tobelo",17,0.35,0.240100435135644
"Tobelo",18,0.87,0.79592992148502
"Tobelo",19,0.01,0.0017443282185193
"Tobelo",20,0.48,0.294676248570987
"Tobelo",21,0.32,0.131672173783897
"Tobelo",22,0.135,0.0477198503087935
"Tobelo",23,0.475,0.324184693560753
"Tobelo",24,0.365,0.217294133488359
"Tobelo",25,0.3,0.141917661956902
"Tobelo",26,0.56,0.366910904943085
"Tobelo",27,0.16,0.0715653396854138
"Tobelo",28,0.85,0.792524981196083
"Tobelo",29,0.525,0.439309760618844
"Tobelo",30,0.17,0.0441859295532473
"Tobelo",31,0.935,0.908117528818459
"Tobelo",32,0.945,0.949218876984455
"Tobelo",33,0.59,0.441522136053685
"Tobelo",34,0.865,0.789599714774331
"Tobelo",35,0.17,0.0610413727126996
"Tobelo",36,0.035,0.00935037869275461
"Tobelo",37,0.82,0.807691017423689
"Tobelo",38,0.69,0.612332221215053
"Tobelo",39,0.815,0.726081171796868
"Tobelo",40,0.8,0.689626363628645
"Tobelo",41,0.045,0.0106908642976197
"Tobelo",42,0.54,0.447387992377038
"Tobelo",43,0.45,0.260310357155116
"Tobelo",44,0.04,0.0034698237461362
"Tobelo",45,0.19,0.093585006578956
"Tobelo",46,0.67,0.518030510145353
"Tobelo",47,0.155,0.0632978596714254
"Tobelo",48,0.58,0.360144685140557
"Tobelo",49,0.655,0.565736557395284
"Tobelo",50,0.645,0.504190097485282
"Tobelo",51,0.19,0.109295576766041
"Tobelo",52,0.485,0.303547126119455
"Tobelo",53,0.375,0.209238711684553
"Tobelo",54,0.035,0.00978923619349349
"Tobelo",55,0.9,0.892170624789474
"Tobelo",56,0.87,0.771030517609403
"Tobelo",57,0.065,0.0162466777145245
"Tobelo",58,0.23,0.0988779563799557
"Tobelo",59,0.48,0.378914204720766
"Tobelo",60,0.085,0.0161382218870859
"Tobelo",61,0.475,0.308051286765313
"Tobelo",62,0.505,0.417258068978746
"Tobelo",63,0.785,0.693839971859684
"Tobelo",64,0.45,0.252521907013513
"Tobelo",65,0.925,0.898127921944049
"Tobelo",66,0.545,0.466475301716114
"Tobelo",67,0.6,0.513450262402817
"Tobelo",68,0.515,0.359223480486964
"Tobelo",69,0.36,0.193740465335951
"Tobelo",70,0.685,0.524431825616386
"Tobelo",71,0.225,0.120413197905548
"Tobelo",72,0.75,0.715419827561881
"Tobelo",73,0.14,0.0250508375247527
"Tobelo",74,0.54,0.441589818942873
"Tobelo",75,0.7,0.515866475784077
"Tobelo",76,0.37,0.176706404684905
"Tobelo",77,0.325,0.205953281547752
"Tobelo",78,0.61,0.526622606657201
"Tobelo",79,0.59,0.407461245544078
"Tobelo",80,0.115,0.0363270368158927
"Tobelo",81,0.305,0.172925782474945
"Tobelo",82,0.635,0.557355550514361
"Tobelo",83,1,0.990243188383553
"Tobelo",84,0.29,0.167023911564199
"Tobelo",85,0.82,0.774484804601008
"Tobelo",86,0.415,0.2601033197758
"Tobelo",87,0.35,0.230640605944847
"Tobelo",88,0.835,0.770095871610417
"Tobelo",89,0.92,0.906786391871093
"Tobelo",90,0.3,0.165110797965412
"Tobelo",91,0.6,0.488844694290696
"Tobelo",92,0.065,0.0211418481776594
"Tobelo",93,0.345,0.178808661389975
"Tobelo",94,0.095,0.0222617881465931
"Tobelo",95,0.03,0.00120872309122105
"Tobelo",96,0.885,0.852427464058545
"Tobelo",97,0.98,0.96878236038744
"Tobelo",98,0.53,0.405415769383589
"Tobelo",99,0.48,0.330063057909951
"Tobelo",100,0.61,0.416704802081595
"Tzeltal",1,0.735,0.501035618622153
"Tzeltal",2,0.945,0.849611993972562
"Tzeltal",3,0.245,0.0312847024330522
"Tzeltal",4,0.195,0.0157799903266908
"Tzeltal",5,0.775,0.598336807936472
"Tzeltal",6,0.94,0.884269020273526
"Tzeltal",7,0.25,0.0319126839920464
"Tzeltal",8,0.715,0.441951588576468
"Tzeltal",9,0.265,0.0472007934964459
"Tzeltal",10,0.655,0.456904465517506
"Tzeltal",11,0.725,0.477113704891431
"Tzeltal",12,0.495,0.203562194270178
"Tzeltal",13,0.315,0.0719350765574455
"Tzeltal",14,0.58,0.293414887339665
"Tzeltal",15,0.25,0.0210428725978115
"Tzeltal",16,0.39,0.0933017987353941
"Tzeltal",17,0.545,0.249362857848497
"Tzeltal",18,0.07,0.000604592681437159
"Tzeltal",19,0.79,0.529022266360921
"Tzeltal",20,0.8,0.63900297134374
"Tzeltal",21,0.9,0.780491161863521
"Tzeltal",22,0.61,0.33586671764491
"Tzeltal",23,0.445,0.141505383726988
"Tzeltal",24,0.095,0.00187040579545401
"Tzeltal",25,0.005,2.9213701086563e-07
"Tzeltal",26,0.725,0.523773023200836
"Tzeltal",27,0.825,0.715609304635639
"Tzeltal",28,0.815,0.688538446327819
"Tzeltal",29,0.34,0.0464714901701808
"Tzeltal",30,0.325,0.0617315114017579
"Tzeltal",31,0.205,0.00974446814002645
"Tzeltal",32,0.125,0.00329515812981391
"Tzeltal",33,0.28,0.0611226738232707
"Tzeltal",34,0.925,0.876024364455676
"Tzeltal",35,0.445,0.207429444044957
"Tzeltal",36,0.335,0.0738124255816151
"Tzeltal",37,0.055,0.000406056246373862
"Tzeltal",38,0.31,0.053938151875983
"Tzeltal",39,0.95,0.858193984736117
"Tzeltal",40,0.665,0.438315781655755
"Tzeltal",41,0.05,0.000113708840992279
"Tzeltal",42,0.48,0.175911018234277
"Tzeltal",43,0.255,0.0363271057895535
"Tzeltal",44,0.995,0.963313995065065
"Tzeltal",45,0.96,0.947560868630045
"Tzeltal",46,0.28,0.0305248777228571
"Tzeltal",47,0.15,0.0097859345403509
"Tzeltal",48,0.065,0.000362398250567662
"Tzeltal",49,0.495,0.20302163376975
"Tzeltal",50,0.215,0.0188847485405539
"Tzeltal",51,0.59,0.300356647701515
"Tzeltal",52,0.79,0.569709227928328
"Tzeltal",53,0.845,0.762273394039193
"Tzeltal",54,0.74,0.538707720847942
"Tzeltal",55,0.465,0.137290358801866
"Tzeltal",56,0.39,0.114379625405915
"Tzeltal",57,0.69,0.504068636775566
"Tzeltal",58,0.695,0.55224445846263
"Tzeltal",59,0.805,0.624932823420447
"Tzeltal",60,0.515,0.258496104583881
"Tzeltal",61,0.815,0.679945553155334
"Tzeltal",62,0.375,0.145988864152106
"Tzeltal",63,0.22,0.0302239532069341
"Tzeltal",64,0.565,0.237419690136709
"Tzeltal",65,0.535,0.269998054770294
"Tzeltal",66,0.785,0.630404882347155
"Tzeltal",67,0.075,0.00064789449551255
"Tzeltal",68,0.4,0.104506469213467
"Tzeltal",69,0.05,0.000180573146824722
"Tzeltal",70,0.01,4.68832562526136e-06
"Tzeltal",71,0.405,0.162508792365351
"Tzeltal",72,0.75,0.556895214350138
"Tzeltal",73,0.84,0.686227414788975
"Tzeltal",74,0.545,0.205946302886492
"Tzeltal",75,0.29,0.0757030410222927
"Tzeltal",76,0.01,1.10583480915246e-07
"Tzeltal",77,0.975,0.959263484029551
"Tzeltal",78,0.07,0.000460694327940484
"Tzeltal",79,0.995,0.977380893949313
"Tzeltal",80,0.94,0.795359278473109
"Tzeltal",81,0.715,0.469177184598254
"Tzeltal",82,0.725,0.505076955220176
"Tzeltal",83,0.37,0.0832550974809289
"Tzeltal",84,0.91,0.833468790895577
"Tzeltal",85,0.315,0.0561771131863398
"Tzeltal",86,0.355,0.122577216440018
"Tzeltal",87,0.94,0.851998377917613
"Tzeltal",88,0.41,0.0958040840049196
"Tzeltal",89,0.38,0.114898802566532
"Tzeltal",90,0.61,0.376814532742259
"Tzeltal",91,0.475,0.156589816449275
"Tzeltal",92,0.515,0.234613217864121
"Tzeltal",93,0.435,0.150733710168133
"Tzeltal",94,0.14,0.00431969578338823
"Tzeltal",95,0.52,0.243198880688605
"Tzeltal",96,0.29,0.0494049872524728
"Tzeltal",97,0.58,0.31854169508154
"Tzeltal",98,0.03,3.14011409302184e-05
"Tzeltal",99,0.06,0.00106266960018955
"Tzeltal",100,0.01,3.27461933921463e-06
"Zapotec",1,0.285,0.0529308911127821
"Zapotec",2,0.285,0.0781471421768486
"Zapotec",3,0.095,0.005686071393499
"Zapotec",4,0.995,0.994922189491304
"Zapotec",5,0.925,0.810469797163438
"Zapotec",6,0.445,0.147030939958364
"Zapotec",7,0.535,0.337254716514364
"Zapotec",8,0.35,0.0911953016389205
"Zapotec",9,0.345,0.0737061139018295
"Zapotec",10,0.185,0.0287107062463362
"Zapotec",11,0.61,0.28612625327364
"Zapotec",12,0.38,0.126854265565834
"Zapotec",13,0.205,0.0333351924431974
"Zapotec",14,0.455,0.210212787475619
"Zapotec",15,0.82,0.693803989618943
"Zapotec",16,0.405,0.108141094400893
"Zapotec",17,0.555,0.28579368378638
"Zapotec",18,0.51,0.225528660994073
"Zapotec",19,0.71,0.598806622304442
"Zapotec",20,0.615,0.338188563408241
"Zapotec",21,0.35,0.0738226205873635
"Zapotec",22,0.455,0.19694505298383
"Zapotec",23,0.515,0.219391125352949
"Zapotec",24,0.045,0.00261092010403505
"Zapotec",25,0.23,0.0499126946674191
"Zapotec",26,0.9,0.813754379138111
"Zapotec",27,0.205,0.0431110097654853
"Zapotec",28,0.25,0.0558287936274749
"Zapotec",29,0.98,0.916759930455178
"Zapotec",30,0.35,0.0762261598460267
"Zapotec",31,0.975,0.971452939392131
"Zapotec",32,0.085,0.00360171694340965
"Zapotec",33,0.62,0.375083942432293
"Zapotec",34,0.66,0.448305394237495
"Zapotec",35,0.2,0.0225831707835458
"Zapotec",36,0.13,0.00361872231858719
"Zapotec",37,0.7,0.49821777989049
"Zapotec",38,0.33,0.099194398480009
"Zapotec",39,0.815,0.646712364062026
"Zapotec",40,0.035,0.000153912054235506
"Zapotec",41,0.655,0.404281140021828
"Zapotec",42,0.415,0.208281110366755
"Zapotec",43,0.255,0.0631151806402758
"Zapotec",44,0.05,7.81062005210157e-05
"Zapotec",45,0.945,0.935084834865058
"Zapotec",46,0.78,0.649266961687563
"Zapotec",47,0.125,0.0122332799009706
"Zapotec",48,0.1,0.00816886588719646
"Zapotec",49,0.28,0.0504769498688844
"Zapotec",50,0.665,0.448820827186866
"Zapotec",51,0.995,0.969681791556272
"Zapotec",52,0.67,0.374074611915338
"Zapotec",53,0.42,0.190974154064622
"Zapotec",54,0.205,0.0241628019870257
"Zapotec",55,0.055,0.00181553280945572
"Zapotec",56,0.075,0.00193927727646401
"Zapotec",57,0.155,0.00860891116444548
"Zapotec",58,0.245,0.0452695885281995
"Zapotec",59,0.755,0.523425425101965
"Zapotec",60,0.04,0.000541120941574095
"Zapotec",61,0.705,0.536091229755365
"Zapotec",62,0.86,0.762026939157069
"Zapotec",63,0.32,0.110566473405963
"Zapotec",64,0.41,0.134932330532148
"Zapotec",65,0.095,0.00674706745397848
"Zapotec",66,0.225,0.0419406710415775
"Zapotec",67,0.42,0.120651387521182
"Zapotec",68,0.31,0.051956090840818
"Zapotec",69,0.155,0.0126846370921406
"Zapotec",70,0.715,0.447773295142323
"Zapotec",71,0.88,0.848481364388672
"Zapotec",72,0.025,2.72859608788344e-05
"Zapotec",73,0.615,0.340567419911498
"Zapotec",74,0.05,0.000124709964468509
"Zapotec",75,0.54,0.300477925965042
"Zapotec",76,0.415,0.148729355881256
"Zapotec",77,0.36,0.090240678004694
"Zapotec",78,0.575,0.221846031191201
"Zapotec",79,0.78,0.604875204946481
"Zapotec",80,0.35,0.0673937388225144
"Zapotec",81,0.81,0.65455067345055
"Zapotec",82,0.025,0.000134837035393491
"Zapotec",83,0.005,2.38222512476925e-08
"Zapotec",84,0.53,0.260067839989458
"Zapotec",85,0.32,0.0918933288568392
"Zapotec",86,0.195,0.00718736921018363
"Zapotec",87,0.6,0.277135890740717
"Zapotec",88,0.76,0.57804238843753
"Zapotec",89,0.89,0.837877908516686
"Zapotec",90,0.65,0.441927163379538
"Zapotec",91,0.115,0.00446505313211958
"Zapotec",92,0.28,0.0544134084666564
"Zapotec",93,0.47,0.205109990986422
"Zapotec",94,0.55,0.304682151471497
"Zapotec",95,0.625,0.381990921045214
"Zapotec",96,0.125,0.00921575094326185
"Zapotec",97,0.565,0.301922441872765
"Zapotec",98,0.37,0.0835481042106148
"Zapotec",99,0.7,0.49512274107994
"Zapotec",100,0.415,0.153390168686723
