"language","test","question","s_obs","dll","beta","p_one","p_two","p_naive","n_pairs","null_q025","null_q975"
"Anindilyakwa","74","a",42.1904374773649,890.016507265718,-1.15580160849318,0.000499750124937531,0.000499750124937531,1.03905031118101e-293,17766,-2.35956753320676,2.41940334580865
"Anindilyakwa","23","a",41.0227129218033,841.431487732344,-1.12143129076745,0.000499750124937531,0.000499750124937531,7.89954519022927e-289,17766,-2.43571154620598,2.63054782855476
"Anindilyakwa","Phy","a",35.8100155224577,641.178605859332,-1.1791281597386,0.000499750124937531,0.000499750124937531,1.28821953574817e-252,17766,-3.31289575767187,3.2617156034112
"Anindilyakwa","Per","a",37.8208852354069,715.209679994911,-3.49839447819722,0.000499750124937531,0.000499750124937531,1.4668583371863e-166,17766,-3.43770408806118,3.46357769549372
"Anindilyakwa","Per | 74","b",16.7852917953602,140.873010327693,-1.78515687036342,0.000499750124937531,0.000499750124937531,1.66049391971134e-44,17766,-3.53280828856043,3.64870266058037
"Anindilyakwa","Phy | 74","b",2.92083334456363,4.26563371335737,-0.179912040757403,0.0789605197401299,0.148925537231384,0.00324017883026516,17766,-3.79476026192644,3.89875197338907
"Anindilyakwa","Phy | 74+Per","b",1.37295212123982,0.942498763608455,-0.0862706656891839,0.233883058470765,0.476261869065467,0.168280604911422,17766,-3.75713208868252,3.82040590913809
"Anindilyakwa","Per | 74+Phy","b",16.5861312775429,137.549875377944,-1.77269733476651,0.000499750124937531,0.000499750124937531,7.89916814662024e-44,17766,-3.51162647128292,3.66575060661201
"Anindilyakwa","74 | Phy+Per","b",15.0604495883954,113.408570902299,-0.781927060580452,0.000499750124937531,0.000499750124937531,1.82579349516146e-46,17766,-3.04401089365021,2.88732405082205
"Anindilyakwa","74 | 23","c",10.1362138680058,51.3714157889767,-0.951968812566507,0.000499750124937531,0.000499750124937531,5.96783732892507e-25,17766,-2.37915293626365,2.19448528871729
"Anindilyakwa","23 | 74","c",2.36067628260904,2.78639625563642,-0.214099743587699,0.031984007996002,0.0544727636181909,0.0190371069799992,17766,-2.29464063318992,2.4865303773074
"Anindilyakwa","Per | Phy","c",23.5476045319005,277.244839595389,-2.35043037240527,0.000499750124937531,0.000499750124937531,8.65687858226353e-77,17766,-3.60077005584679,3.77281617624305
"Anindilyakwa","Phy | Per","c",20.1600478898147,203.213765459811,-0.760884145728161,0.000499750124937531,0.000499750124937531,8.80219199213586e-84,17766,-3.50134832149412,3.47272802970368
"Innu","74","a",21.0674100099154,221.917882262941,-1.46777621481225,0.000499750124937531,0.000499750124937531,2.00241317527342e-56,4656,-1.9618512198603,1.97855511343095
"Innu","23","a",20.5736003818461,211.636516335948,-1.41963732013016,0.000499750124937531,0.000499750124937531,5.80683353439264e-57,4656,-1.92361652660032,2.04408163306587
"Innu","Phy","a",17.6001153759157,154.882030622772,-1.39151723357322,0.000499750124937531,0.000499750124937531,4.86461443909223e-49,4656,-1.93657978914727,1.98838844266186
"Innu","Per","a",15.0242332775724,112.863792789456,-2.44750343205359,0.000499750124937531,0.000499750124937531,5.29970271169262e-32,4656,-2.05653859206176,2.27938782898367
"Innu","Per | 74","b",1.41016393616189,0.994281163425796,-0.284440151977138,0.159420289855072,0.32783608195902,0.172601164495672,4656,-2.83867193274538,2.77314618778779
"Innu","Phy | 74","b",-3.95675380374951,7.82795033174312,0.944600289281852,0.999000499750125,0.00399800099950025,0.000181505685212055,4656,-2.43771533026008,2.58598683850154
"Innu","Phy | 74+Per","b",-4.22198816529468,8.91259203394418,1.01390051428672,0.999500249875062,0.00199900049975012,6.89812253415177e-05,4656,-2.3145848564256,2.59412131245647
"Innu","Per | 74+Phy","b",2.03907962847306,2.07892286562691,-0.415999518096887,0.0749625187406297,0.143428285857071,0.0518756352955532,4656,-2.67327222773648,2.66940858219925
"Innu","74 | Phy+Per","b",11.0945372065387,61.5443779136357,-2.11235284990267,0.000499750124937531,0.000499750124937531,1.0193109512969e-19,4656,-2.59471644983219,2.38800779097501
"Innu","74 | 23","c",4.54356097783149,10.3219731796365,-1.38828675315596,0.000499750124937531,0.000499750124937531,2.49862850558503e-06,4656,-2.26778607041585,2.01920947616483
"Innu","23 | 74","c",0.28498158762504,0.0406072526426442,-0.08315630408297,0.404297851074463,0.738130934532734,0.776551379549299,4656,-2.01522333025988,2.1973423093038
"Innu","Per | Phy","c",5.54947689857398,15.3983469239031,-1.06103500602844,0.000499750124937531,0.000499750124937531,7.78863261678713e-07,4656,-2.56373128022787,2.80828763881128
"Innu","Phy | Per","c",10.7160239601467,57.416584757219,-1.00509803252933,0.000499750124937531,0.000499750124937531,1.94033408976047e-20,4656,-1.92793593312792,2.02193065572022
"Saami","74","a",14.2930314668736,102.145374256519,-1.21791646590498,0.000499750124937531,0.000499750124937531,1.91667718985859e-35,3081,-1.90479903539523,2.20444097934863
"Saami","23","a",12.3596911959961,76.3809832301912,-1.0331274019483,0.000499750124937531,0.000499750124937531,1.36990732055921e-32,3081,-2.0800731293203,2.14451022878745
"Saami","Phy","a",10.4214613154341,54.3034279745444,-0.99406010042273,0.000499750124937531,0.000499750124937531,1.62330571812611e-25,3081,-1.73985336937392,2.19279472778507
"Saami","Per","a",9.5777030855396,45.8661981973774,-1.9966288078096,0.000499750124937531,0.000499750124937531,1.08833828404728e-14,3081,-2.53150751785224,2.88706435781622
"Saami","Per | 74","b",1.70786657508736,1.45840411915032,-0.400808553533868,0.155422288855572,0.304347826086957,0.103689323112166,3081,-3.1500587645273,3.17957861096433
"Saami","Phy | 74","b",-6.42868724382743,20.6640098394748,1.77780026255087,1,0.000499750124937531,1.81077329010184e-08,3081,-2.43517357344946,2.91958074336351
"Saami","Phy | 74+Per","b",-6.63551696446225,22.0150426928332,1.82133380395724,1,0.000499750124937531,7.00114527778142e-09,3081,-2.39253628861934,2.85863041167533
"Saami","Per | 74+Phy","b",2.37041640751525,2.80943697250876,-0.596279948793154,0.072463768115942,0.122438780609695,0.0265065769876029,3081,-2.80958162431312,3.11473960353196
"Saami","74 | Phy+Per","b",10.8905324997079,59.301849063597,-2.50087834359623,0.000499750124937531,0.000499750124937531,1.51535996983117e-19,3081,-2.93765885031692,2.48158633105172
"Saami","74 | 23","c",9.73285137301034,47.3641979245546,-3.26275741118789,0.000499750124937531,0.000499750124937531,1.305712062921e-23,3081,-2.31885659331518,2.26979673958653
"Saami","23 | 74","c",-6.57264131049736,21.5998068982283,1.99818682542221,1,0.000499750124937531,3.31350443369558e-13,3081,-2.35808673458685,2.25045317482965
"Saami","Per | Phy","c",4.90174336952906,12.013544030361,-1.11563965622405,0.00199900049975012,0.00199900049975012,2.08867004239497e-05,3081,-3.08796921162679,3.15275473022751
"Saami","Phy | Per","c",6.39543177706212,20.450773807528,-0.660420999218785,0.000499750124937531,0.000499750124937531,1.27085244718531e-09,3081,-1.80590235084259,2.22850330399765
"Tlingit","74","a",22.5917326697756,255.193192511303,-1.47313906614675,0.000499750124937531,0.000499750124937531,3.93897700737175e-55,8385,-2.11068727883603,1.98705258183534
"Tlingit","23","a",21.6231753949836,233.780857081112,-1.38870412204933,0.000499750124937531,0.000499750124937531,1.56616961222957e-57,8385,-2.0941061289255,1.99782837402943
"Tlingit","Phy","a",18.2664426269151,166.831463121191,-1.42726457885942,0.000499750124937531,0.000499750124937531,7.03046467837225e-51,8385,-2.08295824579271,2.2901387066996
"Tlingit","Per","a",19.653736306703,193.134675406708,-4.56415283009269,0.000499750124937531,0.000499750124937531,2.46175408130151e-42,8385,-2.34662712801116,2.40314631861276
"Tlingit","Per | 74","b",7.43300398471367,27.6247741183846,-2.12796229881617,0.000499750124937531,0.000499750124937531,4.79439018796097e-10,8385,-2.96545188425124,2.98784187608252
"Tlingit","Phy | 74","b",-1.517937233817,1.15206672290401,0.259400104132139,0.831084457771114,0.32583708145927,0.133065197933887,8385,-2.68607170450888,3.12853853629911
"Tlingit","Phy | 74+Per","b",-2.72807865652451,3.72120657809228,0.483813260261348,0.976511744127936,0.0619690154922539,0.007512572045504,8385,-2.68680273440049,3.12365770639639
"Tlingit","Per | 74+Phy","b",7.77096055498585,30.193913973573,-2.27256258248649,0.000499750124937531,0.000499750124937531,1.34645252877165e-10,8385,-2.96155862751398,2.95010944174248
"Tlingit","74 | Phy+Per","b",10.2327271265964,52.3543522236913,-1.36063270748575,0.000499750124937531,0.000499750124937531,1.1634984376031e-20,8385,-2.70025062074524,2.61054956134458
"Tlingit","74 | 23","c",6.92550800488145,23.9813305628385,-2.18361466458337,0.000499750124937531,0.000499750124937531,2.91048895308319e-11,8385,-1.94549299552965,2.02129435907055
"Tlingit","23 | 74","c",-2.26671353842819,2.56899513264682,0.736342785343252,0.985507246376812,0.0299850074962519,0.021092138259848,8385,-1.98676677754179,1.96648969364013
"Tlingit","Per | Phy","c",11.6063222308273,67.3533578628981,-3.10824228130764,0.000499750124937531,0.000499750124937531,1.94520583863192e-19,8385,-2.75809203851057,2.79490265445346
"Tlingit","Phy | Per","c",9.06092109858393,41.0501455773817,-0.81204595502632,0.000499750124937531,0.000499750124937531,1.04010137969529e-15,8385,-2.20831211674186,2.20735835233421
"Tobelo","74","a",20.2193813732155,204.411691557767,-1.26362446672842,0.000499750124937531,0.000499750124937531,1.14201425666079e-52,6555,-2.05970972647382,2.01373024667794
"Tobelo","23","a",20.0546457926945,201.09440893522,-1.2404172066392,0.000499750124937531,0.000499750124937531,1.45352801863638e-53,6555,-2.00661557468397,1.92146460444914
"Tobelo","Phy","a",14.4877933873818,104.948078617731,-1.08098750509906,0.000499750124937531,0.000499750124937531,2.80642611212707e-46,6555,-2.1412994132951,2.17260924794561
"Tobelo","Per","a",16.8629220377527,142.179069825662,-4.57756031408375,0.000499750124937531,0.000499750124937531,3.41468049603537e-32,6555,-2.33817269067712,2.35650663900859
"Tobelo","Per | 74","b",5.73544741014203,16.4476784972524,-1.81315285483624,0.000499750124937531,0.000499750124937531,1.23854168214005e-06,6555,-2.79697013861039,2.68768456774268
"Tobelo","Phy | 74","b",-4.04847920644205,8.19509194249684,0.647970581103567,0.999000499750125,0.00199900049975012,0.000108665171267204,6555,-2.48673803987066,2.42441395994712
"Tobelo","Phy | 74+Per","b",-5.07844665336399,12.895310205532,0.907267848406603,1,0.000499750124937531,2.41926640164843e-06,6555,-2.58058212267881,2.58450564290313
"Tobelo","Per | 74+Phy","b",6.50352162451815,21.1478967602876,-2.14872616685515,0.000499750124937531,0.000499750124937531,1.04753059433333e-07,6555,-2.58704454798652,2.62427769953023
"Tobelo","74 | Phy+Per","b",11.5097715638518,66.2374207260253,-1.5219379470857,0.000499750124937531,0.000499750124937531,6.44354184487692e-23,6555,-2.40409001232165,2.25525763764471
"Tobelo","74 | 23","c",3.17584152453836,5.04298469449108,-0.833725792345657,0.000999500249875062,0.00149925037481259,0.000839619003599613,6555,-1.75602476501375,1.87078734104181
"Tobelo","23 | 74","c",1.85779550647813,1.72570207194516,-0.449026972613215,0.0204897551224388,0.0469765117441279,0.069042960745357,6555,-1.87477349918516,1.79680229032774
"Tobelo","Per | Phy","c",11.1865259054627,62.5691809167944,-3.20389317216236,0.000499750124937531,0.000499750124937531,5.92685670417939e-17,6555,-2.81227179006157,2.711838089545
"Tobelo","Phy | Per","c",7.11873439718931,25.3381897088631,-0.606524969970262,0.000499750124937531,0.000499750124937531,4.4420137359677e-12,6555,-2.30317074843871,2.1839709131874
"Tzeltal","74","a",40.2693925760805,810.811989223244,-2.79417391860505,0.000499750124937531,0.000499750124937531,5.73111209375882e-68,17391,-2.76443941133157,3.32153816298561
"Tzeltal","23","a",40.5309623198927,821.37945328828,-2.70355869107703,0.000499750124937531,0.000499750124937531,2.07757719310065e-78,17391,-2.69695645109799,3.35007576398157
"Tzeltal","Phy","a",31.1611318687499,485.50806967081,-2.25075902687009,0.000499750124937531,0.000499750124937531,1.52924337428596e-84,17391,-3.09619092203576,3.67923005118556
"Tzeltal","Per","a",32.9224323211467,541.943274970241,-6.38024425683236,0.000499750124937531,0.000499750124937531,2.77481102947817e-87,17391,-3.1048461317176,3.51916338271265
"Tzeltal","Per | 74","b",9.66748979652631,46.7301794829702,-2.46205584671001,0.000499750124937531,0.000499750124937531,3.10145645448458e-15,17391,-3.67326121670845,3.78556893649287
"Tzeltal","Phy | 74","b",3.12001260194154,4.86723931813702,-0.470797185658558,0.0519740129935032,0.0924537731134433,0.00236315242128071,17391,-3.58543384017908,3.74950208471515
"Tzeltal","Phy | 74+Per","b",-0.193222393964914,0.0186674467647663,0.0307490994865534,0.542728635682159,0.920539730134933,0.846646207015068,17391,-3.30043949708617,3.50608590941954
"Tzeltal","Per | 74+Phy","b",9.15222460515453,41.881607611598,-2.47998560382763,0.000499750124937531,0.000499750124937531,2.82955296249245e-14,17391,-3.64426319444746,3.78435589782407
"Tzeltal","74 | Phy+Per","b",19.6147260268309,192.368738553818,-2.35808389521269,0.000499750124937531,0.000499750124937531,3.25919159108171e-37,17391,-3.00123307991455,3.17177989121735
"Tzeltal","74 | 23","c",5.5136805286165,15.2003364858224,-1.5054375521752,0.000499750124937531,0.000499750124937531,3.42198973113874e-08,17391,-2.27374155078647,2.23389379564202
"Tzeltal","23 | 74","c",7.17883006495513,25.7678005507518,-1.38935816041076,0.000499750124937531,0.000499750124937531,1.52674101557084e-08,17391,-2.32124413025051,2.2811977921642
"Tzeltal","Per | Phy","c",18.9570054559443,179.68402792835,-4.1813752175908,0.000499750124937531,0.000499750124937531,5.59020381224685e-41,17391,-3.9442454717893,3.86131968509984
"Tzeltal","Phy | Per","c",15.700243477661,123.248822628919,-1.35215381838929,0.000499750124937531,0.000499750124937531,1.20950208815562e-35,17391,-2.99996457617509,3.38844279815786
"Zapotec","74","a",35.6240183367453,634.535341228381,-1.72467833181419,0.000499750124937531,0.000499750124937531,5.28604720437343e-159,11476,-2.68432393977204,3.04705158719726
"Zapotec","23","a",35.4735459377405,629.186230698494,-1.71227304016178,0.000499750124937531,0.000499750124937531,8.49042485357646e-162,11476,-2.71845357764743,3.02599474527952
"Zapotec","Phy","a",27.4087260215916,375.619131063337,-1.41005755531797,0.000499750124937531,0.000499750124937531,1.70189117863173e-126,11476,-3.02266751831851,3.25277209661624
"Zapotec","Per","a",30.469708051985,464.201554386598,-3.87804383338123,0.000499750124937531,0.000499750124937531,3.87582521973394e-86,11476,-2.91626100212489,3.35588250709139
"Zapotec","Per | 74","b",11.2859194762862,63.6859892126079,-1.96312982535607,0.000499750124937531,0.000499750124937531,1.09885942241729e-21,11476,-3.29583593818943,3.55805134322721
"Zapotec","Phy | 74","b",-2.83051496580304,4.00590748581749,0.290407393601412,0.949525237381309,0.106946526736632,0.00494440643272958,11476,-3.41652131704853,3.4240406972507
"Zapotec","Phy | 74+Per","b",-4.81755469094301,11.6044166001135,0.508949520826689,0.9960019990005,0.00899550224887556,2.12587590651733e-06,11476,-3.68677224093546,3.49086872005004
"Zapotec","Per | 74+Phy","b",11.9402259883894,71.2844983269042,-2.11314570275057,0.000499750124937531,0.000499750124937531,1.14490184441098e-23,11476,-3.34054130148358,3.55958755179537
"Zapotec","74 | Phy+Per","b",18.2869587707082,167.206430540792,-1.70666725108332,0.000499750124937531,0.000499750124937531,1.1878964251986e-56,11476,-3.53455594195559,3.33683987180411
"Zapotec","74 | 23","c",5.21918360869809,13.6199387706514,-1.05974817304394,0.000499750124937531,0.000499750124937531,1.38248042492034e-08,11476,-2.17795603542795,2.15662720897759
"Zapotec","23 | 74","c",4.06714352850661,8.27082824073659,-0.69679219532867,0.000499750124937531,0.000999500249875062,0.000148144992196588,11476,-2.21757589450631,2.28496484713829
"Zapotec","Per | Phy","c",18.2756770291541,167.000185436975,-2.89765939038543,0.000499750124937531,0.000499750124937531,1.70293241246479e-46,11476,-3.58245145760028,3.73259882774997
"Zapotec","Phy | Per","c",12.5233990684409,78.4177621137135,-0.780189266212399,0.000499750124937531,0.000499750124937531,3.82238461995403e-32,11476,-3.76804684427675,3.92117525960625
"All","74","a",77.242661217466,2983.21435597812,-1.44486580615998,0.000499750124937531,0.000499750124937531,0,69310,-2.39354718454578,2.70967810702246
"All","23","a",75.695043260039,2864.86978706958,-1.40167928052541,0.000499750124937531,0.000499750124937531,0,69310,-2.43477958391926,2.71886374952842
"All","Phy","a",61.8661139788796,1913.70802942386,-1.32291244810223,0.000499750124937531,0.000499750124937531,0,69310,-2.85062785085642,2.98402939407642
"All","Per","a",65.253052705504,2128.98044369364,-3.77530577816615,0.000499750124937531,0.000499750124937531,0,69310,-2.98994048665925,3.09398722055416
"All","Per | 74","b",23.7663597701249,282.419928361506,-1.68517739625903,0.000499750124937531,0.000499750124937531,4.42338477104601e-91,69310,-3.59865289212999,3.36505300292531
"All","Phy | 74","b",-2.51418595643512,3.1605655117678,0.109205570402253,0.916041979010495,0.174412793603198,0.0122531559075153,69310,-3.54990503515701,3.5862141070895
"All","Phy | 74+Per","b",-5.91549045390321,17.49651365511,0.262559382939363,0.999500249875062,0.00199900049975012,4.73252887750077e-09,69310,-3.49752985156213,3.55065957914152
"All","Per | 74+Phy","b",24.3620966464238,296.755876504848,-1.74452052402615,0.000499750124937531,0.000499750124937531,7.00424301706044e-95,69310,-3.53263964038235,3.3805050682173
"All","74 | Phy+Per","b",35.213992869681,620.01264691297,-1.27661876862116,0.000499750124937531,0.000499750124937531,2.48140493735104e-221,69310,-3.09873693819798,3.07875639253594
"All","74 | 23","c",16.1352230195402,130.172710945149,-1.14134091108422,0.000499750124937531,0.000499750124937531,1.89128413602628e-63,69310,-2.38899292771366,2.40693323541365
"All","23 | 74","c",4.8637726172097,11.8281420359594,-0.318748695528016,0.000499750124937531,0.000499750124937531,1.77149741468632e-06,69310,-2.48429035259352,2.59587890963653
"All","Per | Phy","c",38.7145998728619,749.410121657901,-2.54136645524518,0.000499750124937531,0.000499750124937531,1.98585096386476e-203,69310,-3.45700155476148,3.3183416540595
"All","Phy | Per","c",32.6844827827556,534.137707388123,-0.813100164261915,0.000499750124937531,0.000499750124937531,1.57128661787529e-202,69310,-3.27350782546843,3.18558454616529
