array,british_target,british_family,british_binomial,american_bird,american_family,american_binomial,n,percent,binomial_as_printed
1,song thrush,Turdidae,Turdus philomelos,American robin,Turdidae,Turdus migratorius,1,2.9,
1,song thrush,Turdidae,Turdus philomelos,gray-cheeked thrush,Turdidae,Catharus minimus,15,44.1,
1,song thrush,Turdidae,Turdus philomelos,Swainson's thrush,Turdidae,Catharus ustulatus,13,38.2,
1,song thrush,Turdidae,Turdus philomelos,wood thrush,Turdidae,Hylocichla mustelina,4,11.8,
1,song thrush,Turdidae,Turdus philomelos,Townsend's solitaire,Turdidae,Myadestes townsendi,0,0.0,
1,song thrush,Turdidae,Turdus philomelos,northern wheatear,Turdidae,Oenanthe oenanthe,1,2.9,
2,mistle thrush,Turdidae,Turdus viscivorus,American robin,Turdidae,Turdus migratorius,8,23.5,
2,mistle thrush,Turdidae,Turdus viscivorus,gray-cheeked thrush,Turdidae,Catharus minimus,5,14.7,
2,mistle thrush,Turdidae,Turdus viscivorus,Swainson's thrush,Turdidae,Catharus ustulatus,9,26.5,
2,mistle thrush,Turdidae,Turdus viscivorus,wood thrush,Turdidae,Hylocichla mustelina,10,29.4,
2,mistle thrush,Turdidae,Turdus viscivorus,Townsend's solitaire,Turdidae,Myadestes townsendi,0,0.0,
2,mistle thrush,Turdidae,Turdus viscivorus,northern wheatear,Turdidae,Oenanthe oenanthe,2,5.9,
3,blackbird,Turdidae,Turdus merula,American robin,Turdidae,Turdus migratorius,8,23.5,
3,blackbird,Turdidae,Turdus merula,wood thrush,Turdidae,Hylocichla mustelina,3,8.8,
3,blackbird,Turdidae,Turdus merula,rusty blackbird,Icteridae,Euphagus carolinus,12,35.3,
3,blackbird,Turdidae,Turdus merula,Brewer's blackbird,Icteridae,Euphagus cyanocephalus,9,26.5,
3,blackbird,Turdidae,Turdus merula,northern wheatear,Turdidae,Oenanthe oenanthe,2,5.9,
3,blackbird,Turdidae,Turdus merula,common grackle,Icteridae,Quiscalus quiscalus,0,0.0,
4,sparrowhawk,Accipitridae,Accipiter nisus,sparrow hawk,Falconidae,Falco sparverius,0,0.0,Falco Sparverius
4,sparrowhawk,Accipitridae,Accipiter nisus,sharp-shinned hawk,Accipitridae,Accipiter striatus,13,38.2,Accipter striatus
4,sparrowhawk,Accipitridae,Accipiter nisus,Cooper's hawk,Accipitridae,Accipiter cooperii,14,41.2,Accipter cooperii
4,sparrowhawk,Accipitridae,Accipiter nisus,northern goshawk,Accipitridae,Accipiter gentilis,6,17.7,Accipter gentilis
4,sparrowhawk,Accipitridae,Accipiter nisus,Swainson's hawk,Accipitridae,Buteo swainsoni,1,2.9,
4,sparrowhawk,Accipitridae,Accipiter nisus,Ferruginous hawk,Accipitridae,Buteo regalis,0,0.0,
5,redstart,Turdidae,Phoenicurus phoenicurus,American robin,Turdidae,Turdus migratorius,4,11.8,
5,redstart,Turdidae,Phoenicurus phoenicurus,hermit thrush,Turdidae,Catharus guttatus,0,0.0,
5,redstart,Turdidae,Phoenicurus phoenicurus,wood thrush,Turdidae,Hylocichla mustelina,0,0.0,
5,redstart,Turdidae,Phoenicurus phoenicurus,American redstart,Parulidae,Setophaga ruticilla,6,17.7,
5,redstart,Turdidae,Phoenicurus phoenicurus,eastern bluebird,Turdidae,Sialia sialis,8,23.5,
5,redstart,Turdidae,Phoenicurus phoenicurus,northern wheatear,Turdidae,Oenanthe oenanthe,16,47.1,
6,black redstart,Turdidae,Phoenicurus ochruros,American robin,Turdidae,Turdus migratorius,2,5.9,
6,black redstart,Turdidae,Phoenicurus ochruros,hermit thrush,Turdidae,Catharus guttatus,0,0.0,
6,black redstart,Turdidae,Phoenicurus ochruros,wood thrush,Turdidae,Hylocichla mustelina,0,0.0,
6,black redstart,Turdidae,Phoenicurus ochruros,American redstart,Parulidae,Setophaga ruticilla,16,47.1,
6,black redstart,Turdidae,Phoenicurus ochruros,eastern bluebird,Turdidae,Sialia sialis,3,8.8,
6,black redstart,Turdidae,Phoenicurus ochruros,northern wheatear,Turdidae,Oenanthe oenanthe,13,38.2,
7,sedge warbler,Sylviidae,Acrocephalus schoenobaenus,ruby-crowned kinglet,Sylviidae,Regulus calendula,0,0.0,
7,sedge warbler,Sylviidae,Acrocephalus schoenobaenus,golden-crowned kinglet,Sylviidae,Regulus satrapa,1,2.9,
7,sedge warbler,Sylviidae,Acrocephalus schoenobaenus,blue-gray gnatcatcher,Sylviidae,Polioptila caerulea,0,0.0,
7,sedge warbler,Sylviidae,Acrocephalus schoenobaenus,blackpoll warbler,Parulidae,Dendroica striata,23,67.7,
7,sedge warbler,Sylviidae,Acrocephalus schoenobaenus,Nashville warbler,Parulidae,Vermivora ruficapilla,0,0.0,
7,sedge warbler,Sylviidae,Acrocephalus schoenobaenus,bay-breasted warbler,Parulidae,Dendroica castanea,10,29.4,
8,grasshopper warbler,Sylviidae,Locustella naevia,ruby-crowned kinglet,Sylviidae,Regulus calendula,0,0.0,
8,grasshopper warbler,Sylviidae,Locustella naevia,golden-crowned kinglet,Sylviidae,Regulus satrapa,0,0.0,
8,grasshopper warbler,Sylviidae,Locustella naevia,blue-gray gnatcatcher,Sylviidae,Polioptila caerulea,0,0.0,
8,grasshopper warbler,Sylviidae,Locustella naevia,blackpoll warbler,Parulidae,Dendroica striata,28,82.4,
8,grasshopper warbler,Sylviidae,Locustella naevia,Nashville warbler,Parulidae,Vermivora ruficapilla,0,0.0,
8,grasshopper warbler,Sylviidae,Locustella naevia,bay-breasted warbler,Parulidae,Dendroica castanea,6,17.7,
9,Cetti's warbler,Sylviidae,Cettia cetti,ruby-crowned kinglet,Sylviidae,Regulus calendula,0,0.0,
9,Cetti's warbler,Sylviidae,Cettia cetti,golden-crowned kinglet,Sylviidae,Regulus satrapa,0,0.0,
9,Cetti's warbler,Sylviidae,Cettia cetti,blue-gray gnatcatcher,Sylviidae,Polioptila caerulea,1,2.9,
9,Cetti's warbler,Sylviidae,Cettia cetti,blackpoll warbler,Parulidae,Dendroica striata,8,23.5,
9,Cetti's warbler,Sylviidae,Cettia cetti,Tennessee warbler,Parulidae,Vermivora peregrina,22,64.7,
9,Cetti's warbler,Sylviidae,Cettia cetti,Nashville warbler,Parulidae,Vermivora ruficapilla,3,8.8,
10,reed warbler,Sylviidae,Acrocephalus scirpaceus,ruby-crowned kinglet,Sylviidae,Regulus calendula,1,2.9,
10,reed warbler,Sylviidae,Acrocephalus scirpaceus,golden-crowned kinglet,Sylviidae,Regulus satrapa,0,0.0,
10,reed warbler,Sylviidae,Acrocephalus scirpaceus,blue-gray gnatcatcher,Sylviidae,Polioptila caerulea,1,2.9,
10,reed warbler,Sylviidae,Acrocephalus scirpaceus,blackpoll warbler,Parulidae,Dendroica striata,7,20.6,
10,reed warbler,Sylviidae,Acrocephalus scirpaceus,Tennessee warbler,Parulidae,Vermivora peregrina,22,64.7,
10,reed warbler,Sylviidae,Acrocephalus scirpaceus,bay-breasted warbler,Parulidae,Dendroica castanea,3,8.8,
11,pied flycatcher,Muscicapidae,Ficedula hypoleuca,Townsend's solitaire,Turdidae,Myadestes townsendi,6,17.7,
11,pied flycatcher,Muscicapidae,Ficedula hypoleuca,ruby-crowned kinglet,Sylviidae,Regulus calendula,6,17.7,
11,pied flycatcher,Muscicapidae,Ficedula hypoleuca,least flycatcher,Tyrannidae,Empidonax minimus,13,38.2,
11,pied flycatcher,Muscicapidae,Ficedula hypoleuca,Acadian flycatcher,Tyrannidae,Empidonax virescens,3,8.8,Empidonax verescens
11,pied flycatcher,Muscicapidae,Ficedula hypoleuca,willow flycatcher,Tyrannidae,Empidonax traillii,6,17.7,
11,pied flycatcher,Muscicapidae,Ficedula hypoleuca,pine warbler,Parulidae,Dendroica pinus,0,0.0,
12,spotted flycatcher,Muscicapidae,Muscicapa striata,Townsend's solitaire,Turdidae,Myadestes townsendi,7,20.6,
12,spotted flycatcher,Muscicapidae,Muscicapa striata,ruby-crowned kinglet,Sylviidae,Regulus calendula,0,0.0,
12,spotted flycatcher,Muscicapidae,Muscicapa striata,least flycatcher,Tyrannidae,Empidonax minimus,1,2.9,
12,spotted flycatcher,Muscicapidae,Muscicapa striata,Acadian flycatcher,Tyrannidae,Empidonax virescens,15,44.1,Empidonax verescens
12,spotted flycatcher,Muscicapidae,Muscicapa striata,willow flycatcher,Tyrannidae,Empidonax traillii,8,23.5,
12,spotted flycatcher,Muscicapidae,Muscicapa striata,pine warbler,Parulidae,Dendroica pinus,3,8.8,
13,golden oriole,Oriolidae,Oriolus oriolus,American robin,Turdidae,Turdus migratorius,1,2.9,
13,golden oriole,Oriolidae,Oriolus oriolus,yellow-headed blackbird,Icteridae,Xanthocephalus xanthocephalus,13,38.2,Xanthocephalus x.
13,golden oriole,Oriolidae,Oriolus oriolus,spotted oriole,Icteridae,Icterus pectoralis,1,2.9,
13,golden oriole,Oriolidae,Oriolus oriolus,orchard oriole,Icteridae,Icterus spurius,8,23.5,
13,golden oriole,Oriolidae,Oriolus oriolus,northern oriole,Icteridae,Icterus galbula,7,20.6,
13,golden oriole,Oriolidae,Oriolus oriolus,eastern meadowlark,Icteridae,Sturnella magna,4,11.7,
14,house sparrow,Passeridae,Passer domesticus,Harris' sparrow,Fringillidae,Zonotrichia querula,10,29.4,
14,house sparrow,Passeridae,Passer domesticus,chipping sparrow,Fringillidae,Spizella passerina,10,29.4,
14,house sparrow,Passeridae,Passer domesticus,swamp sparrow,Fringillidae,Melospiza georgiana,4,11.7,
14,house sparrow,Passeridae,Passer domesticus,dickcissel,Fringillidae,Spiza americana,5,14.7,
14,house sparrow,Passeridae,Passer domesticus,Smith's longspur,Fringillidae,Calcarius lapponicus,3,8.8,Calcarious lapponicus
14,house sparrow,Passeridae,Passer domesticus,pine siskin,Fringillidae,Carduelis pinus,2,5.9,
15,tree sparrow,Passeridae,Passer montanus,Harris' sparrow,Fringillidae,Zonotrichia querula,13,38.2,
15,tree sparrow,Passeridae,Passer montanus,chipping sparrow,Fringillidae,Spizella passerina,9,26.5,
15,tree sparrow,Passeridae,Passer montanus,swamp sparrow,Fringillidae,Melospiza georgiana,3,8.8,
15,tree sparrow,Passeridae,Passer montanus,dickcissel,Fringillidae,Spiza americana,5,14.7,
15,tree sparrow,Passeridae,Passer montanus,Smith's longspur,Fringillidae,Calcarius lapponicus,4,11.8,Calcarious lapponicus
15,tree sparrow,Passeridae,Passer montanus,pine siskin,Fringillidae,Carduelis pinus,0,0.0,
16,cuckoo,Cuculidae,Cuculus canorus,yellow-billed cuckoo,Cuculidae,Coccyzus americanus,9,26.5,
16,cuckoo,Cuculidae,Cuculus canorus,black-billed cuckoo,Cuculidae,Coccyzus erythropthalmus,13,38.2,C. erythropthalmus
16,cuckoo,Cuculidae,Cuculus canorus,greater roadrunner,Cuculidae,Geococcyx californianus,4,11.8,Geococcyx Californianus
16,cuckoo,Cuculidae,Cuculus canorus,Mississippi kite,Accipitridae,Ictinia mississippiensis,3,8.8,
16,cuckoo,Cuculidae,Cuculus canorus,snail kite,Accipitridae,Rostrhamus sociabilis,4,11.8,
16,cuckoo,Cuculidae,Cuculus canorus,Swainson's hawk,Accipitridae,Buteo swainsoni,1,2.9,
17,jay,Corvidae,Garrulus glandarius,American robin,Turdidae,Turdus migratorius,6,17.7,
17,jay,Corvidae,Garrulus glandarius,eastern bluebird,Turdidae,Sialia sialis,5,14.7,
17,jay,Corvidae,Garrulus glandarius,blue jay,Corvidae,Cyanocitta cristata,2,5.9,
17,jay,Corvidae,Garrulus glandarius,scrub jay,Corvidae,Aphelocoma coerulescens,2,5.9,
17,jay,Corvidae,Garrulus glandarius,gray jay,Corvidae,Perisoreus canadensis,18,52.9,
17,jay,Corvidae,Garrulus glandarius,American crow,Corvidae,Corvus brachyrhynchos,1,2.9,
18,kingfisher,Alcedinidae,Alcedo atthis,eastern bluebird,Turdidae,Sialia sialis,1,2.9,
18,kingfisher,Alcedinidae,Alcedo atthis,common grackle,Icteridae,Quiscalus quiscalus,0,0.0,
18,kingfisher,Alcedinidae,Alcedo atthis,belted kingfisher,Alcedinidae,Megaceryle alcyon,22,64.7,
18,kingfisher,Alcedinidae,Alcedo atthis,pileated woodpecker,Picidae,Dryocopus pileatus,1,2.9,
18,kingfisher,Alcedinidae,Alcedo atthis,common flicker,Picidae,Colaptes auratus,8,23.5,
18,kingfisher,Alcedinidae,Alcedo atthis,downy woodpecker,Picidae,Picoides pubescens,2,5.9,
19,red kite,Accipitridae,Milvus milvus,sparrow hawk,Falconidae,Falco sparverius,2,5.9,
19,red kite,Accipitridae,Milvus milvus,sharp-shinned hawk,Accipitridae,Accipiter striatus,4,11.8,Accipter striatus
19,red kite,Accipitridae,Milvus milvus,Mississippi kite,Accipitridae,Ictinia mississippiensis,1,2.9,Ictinia m.
19,red kite,Accipitridae,Milvus milvus,white-tailed kite,Accipitridae,Elanus leucurus,0,0.0,
19,red kite,Accipitridae,Milvus milvus,snail kite,Accipitridae,Rostrhamus sociabilis,1,2.9,Rostrhanus sociabilis
19,red kite,Accipitridae,Milvus milvus,Swainson's hawk,Accipitridae,Buteo swainsoni,26,76.5,
20,woodlark,Alaudidae,Lullula arborea,gray-cheeked thrush,Turdidae,Catharus minimus,1,2.9,
20,woodlark,Alaudidae,Lullula arborea,Swainson's thrush,Turdidae,Catharus ustulatus,4,11.8,
20,woodlark,Alaudidae,Lullula arborea,hermit thrush,Turdidae,Catharus guttatus,3,8.8,Cathatus guttatus
20,woodlark,Alaudidae,Lullula arborea,bobolink,Icteridae,Dolichonyx oryzivorus,1,2.9,Bolichonyx oryzivorus
20,woodlark,Alaudidae,Lullula arborea,eastern meadowlark,Icteridae,Sturnella magna,5,14.7,
20,woodlark,Alaudidae,Lullula arborea,horned lark,Alaudidae,Eremophila alpestris,20,58.8,
21,skylark,Alaudidae,Alauda arvensis,gray-cheeked thrush,Turdidae,Catharus minimus,4,11.8,
21,skylark,Alaudidae,Alauda arvensis,Swainson's thrush,Turdidae,Catharus ustulatus,4,11.8,
21,skylark,Alaudidae,Alauda arvensis,hermit thrush,Turdidae,Catharus guttatus,3,8.8,Cathatus guttatus
21,skylark,Alaudidae,Alauda arvensis,bobolink,Icteridae,Dolichonyx oryzivorus,2,5.9,Bolichonyx oryzivorus
21,skylark,Alaudidae,Alauda arvensis,eastern meadowlark,Icteridae,Sturnella magna,3,8.8,
21,skylark,Alaudidae,Alauda arvensis,horned lark,Alaudidae,Eremophila alpestris,18,52.9,
22,great spotted woodpecker,Picidae,Dendrocopos major,scissor-tailed flycatcher,Tyrannidae,Muscivora forficata,0,0.0,Muscivora f.
22,great spotted woodpecker,Picidae,Dendrocopos major,olive-sided flycatcher,Tyrannidae,Nuttallornis borealis,0,0.0,Nuttallornis b.
22,great spotted woodpecker,Picidae,Dendrocopos major,belted kingfisher,Alcedinidae,Megaceryle alcyon,2,5.9,
22,great spotted woodpecker,Picidae,Dendrocopos major,red-headed woodpecker,Picidae,Melanerpes erythrocephalus,10,29.4,Melanerpes e.
22,great spotted woodpecker,Picidae,Dendrocopos major,pileated woodpecker,Picidae,Dryocopus pileatus,7,20.6,
22,great spotted woodpecker,Picidae,Dendrocopos major,downy woodpecker,Picidae,Picoides pubescens,15,44.1,Picoides pubsecens
23,robin,Turdidae,Erithacus rubecula,American robin,Turdidae,Turdus migratorius,2,5.9,
23,robin,Turdidae,Erithacus rubecula,Swainson's thrush,Turdidae,Catharus ustulatus,1,2.9,
23,robin,Turdidae,Erithacus rubecula,wood thrush,Turdidae,Hylocichla mustelina,0,0.0,Hylociehla mustelina
23,robin,Turdidae,Erithacus rubecula,eastern bluebird,Turdidae,Sialia sialis,16,47.1,
23,robin,Turdidae,Erithacus rubecula,northern wheatear,Turdidae,Oenanthe oenanthe,6,17.7,
23,robin,Turdidae,Erithacus rubecula,veery,Turdidae,Catharus fuscescens,9,26.5,
24,spoonbill,Threskiornithidae,Platalea leucorodia,roseate spoonbill,Threskiornithidae,Ajaia ajaja,34,100.0,
24,spoonbill,Threskiornithidae,Platalea leucorodia,glossy ibis,Threskiornithidae,Plegadis falcinellus,0,0.0,
24,spoonbill,Threskiornithidae,Platalea leucorodia,white ibis,Threskiornithidae,Eudocimus albus,0,0.0,
24,spoonbill,Threskiornithidae,Platalea leucorodia,American woodcock,Scolopacidae,Philohela minor,0,0.0,
24,spoonbill,Threskiornithidae,Platalea leucorodia,common snipe,Scolopacidae,Capella gallinago,0,0.0,
24,spoonbill,Threskiornithidae,Platalea leucorodia,long-billed dowitcher,Scolopacidae,Limnodromus scolopaceus,0,0.0,Limnodromus s.
25,swift,Apodidae,Apus apus,bank swallow,Hirundinidae,Riparia riparia,9,26.5,
25,swift,Apodidae,Apus apus,purple martin,Hirundinidae,Progne subis,5,14.7,
25,swift,Apodidae,Apus apus,common grackle,Icteridae,Quiscalus quiscalus,0,0.0,
25,swift,Apodidae,Apus apus,northern junco,Fringillidae,Junco hyemalis,0,0.0,
25,swift,Apodidae,Apus apus,white-tailed kite,Accipitridae,Elanus leucurus,2,5.9,
25,swift,Apodidae,Apus apus,chimney swift,Apodidae,Chaetura pelagica,17,50.0,
26,woodcock,Scolopacidae,Scolopax rusticola,American woodcock,Scolopacidae,Philohela minor,30,88.2,
26,woodcock,Scolopacidae,Scolopax rusticola,common snipe,Scolopacidae,Capella gallinago,3,8.8,
26,woodcock,Scolopacidae,Scolopax rusticola,long-billed dowitcher,Scolopacidae,Limnodromus scolopaceus,0,0.0,Limnodromus s.
26,woodcock,Scolopacidae,Scolopax rusticola,red knot,Scolopacidae,Calidris canutus,0,0.0,
26,woodcock,Scolopacidae,Scolopax rusticola,marbled godwit,Scolopacidae,Limosa fedoa,0,0.0,
26,woodcock,Scolopacidae,Scolopax rusticola,willet,Scolopacidae,Catoptrophorus semipalmatus,1,2.9,Cataptrophorus semipalmatus
