"BrownName","CommonNameBrown","NameSource","ScientificName2023","CommonName2023","Genus2023","Family2023","Order2023","ScientificName1974","Genus1974","Family1974","Order1974","ScientificName2021","ScientificNameV3","BeakLengthCulmen","BeakLengthNares","BeakWidth","BeakDepth","TarsusLength","WingLength","KippsDistance","Secondary","HandWingIndex","TailLength","Mass"
"Accipiter cooperii","Cooper's hawk","current in Clements 2023","Accipiter cooperii","Cooper's Hawk","Accipiter","Accipitridae","Accipitriformes","Accipiter cooperii","Accipiter","Accipitridae","Falconiformes","Accipiter cooperii","Accipiter cooperii",25.4,13.9,8.6,13.2,62,241.2,77.8,163.5,32.3,188.4,429.7
"Accipiter gentilis","northern goshawk","current in Clements 2023","Accipiter gentilis","Eurasian Goshawk","Accipiter","Accipitridae","Accipitriformes","Accipiter gentilis","Accipiter","Accipitridae","Falconiformes","Accipiter gentilis","Accipiter gentilis",33.7,19.6,11.6,18,67.3,337.6,122.6,215,36.3,241.1,866
"Accipiter nisus","sparrowhawk","current in Clements 2023","Accipiter nisus","Eurasian Sparrowhawk","Accipiter","Accipitridae","Accipitriformes","Accipiter nisus","Accipiter","Accipitridae","Falconiformes","Accipiter nisus","Accipiter nisus",19.6,11.4,8.4,10,53.6,207.4,74.2,134.3,35.5,155.5,220.8
"Accipiter striatus","sharp-shinned hawk","current in Clements 2023","Accipiter striatus","Sharp-shinned Hawk","Accipiter","Accipitridae","Accipitriformes","Accipiter striatus","Accipiter","Accipitridae","Falconiformes","Accipiter striatus","Accipiter striatus",18.3,10.1,7.3,9.4,49.9,181.6,56.6,126.8,30.7,134.3,130.6
"Acrocephalus schoenobaenus","sedge warbler","current in Clements 2023","Acrocephalus schoenobaenus","Sedge Warbler","Acrocephalus","Acrocephalidae","Passeriformes","Acrocephalus schoenobaenus","Acrocephalus","Sylviidae","Passeriformes","Acrocephalus schoenobaenus","Acrocephalus schoenobaenus",14.9,8.2,2.9,2.8,20.9,65.4,18.4,46.9,28.2,48.9,11.8
"Acrocephalus scirpaceus","reed warbler","current in Clements 2023","Acrocephalus scirpaceus","Common Reed Warbler","Acrocephalus","Acrocephalidae","Passeriformes","Acrocephalus scirpaceus","Acrocephalus","Sylviidae","Passeriformes","Acrocephalus scirpaceus","Acrocephalus scirpaceus",17.4,8.8,3.4,2.8,21.7,67.1,17.4,49.9,25.8,52.2,12.3
"Ajaia ajaja","roseate spoonbill","eBird_1974_2023 change file","Platalea ajaja","Roseate Spoonbill","Platalea","Threskiornithidae","Pelecaniformes","Ajaia ajaja","Ajaia","Threskiornithidae","Ciconiiformes","Platalea ajaja","Platalea ajaja",159.8,126.6,27.6,17.1,97.7,349,119.3,235.9,33.6,93.6,1490
"Alauda arvensis","skylark","current in Clements 2023","Alauda arvensis","Eurasian Skylark","Alauda","Alaudidae","Passeriformes","Alauda arvensis","Alauda","Alaudidae","Passeriformes","Alauda arvensis","Alauda arvensis",14.6,8.8,4.4,4.7,23.6,106.7,36,70.8,33.6,67.6,37.3
"Alcedo atthis","kingfisher","current in Clements 2023","Alcedo atthis","Common Kingfisher","Alcedo","Alcedinidae","Coraciiformes","Alcedo atthis","Alcedo","Alcedinidae","Coraciiformes","Alcedo atthis","Alcedo atthis",42.2,32.5,5.7,7.4,9.9,73.3,19.3,52.6,26.9,32.3,31.1
"Aphelocoma coerulescens","scrub jay","current in Clements 2023","Aphelocoma coerulescens","Florida Scrub-Jay","Aphelocoma","Corvidae","Passeriformes","Aphelocoma coerulescens","Aphelocoma","Corvidae","Passeriformes","Aphelocoma coerulescens","Aphelocoma coerulescens",30,17.7,9.1,9.1,37.8,116.7,20.6,96.2,17.5,140.5,77.1
"Apus apus","swift","current in Clements 2023","Apus apus","Common Swift","Apus","Apodidae","Caprimulgiformes","Apus apus","Apus","Apodidae","Apodiformes","Apus apus","Apus apus",10.2,4.3,4,2.8,8.8,161.3,120.2,48.1,71.6,67.4,37.6
"Buteo regalis","Ferruginous hawk","current in Clements 2023","Buteo regalis","Ferruginous Hawk","Buteo","Accipitridae","Accipitriformes","Buteo regalis","Buteo","Accipitridae","Falconiformes","Buteo regalis","Buteo regalis",41.3,23.8,18.3,20.2,81.6,431,179.2,254.5,41.3,240.6,1437.2
"Buteo swainsoni","Swainson's hawk","current in Clements 2023","Buteo swainsoni","Swainson's Hawk","Buteo","Accipitridae","Accipitriformes","Buteo swainsoni","Buteo","Accipitridae","Falconiformes","Buteo swainsoni","Buteo swainsoni",35.3,21,13.6,16.6,60.7,383.7,175.2,201.8,46.6,193.6,946.6
"Calcarius lapponicus","Smith's longspur","current in Clements 2023","Calcarius lapponicus","Lapland Longspur","Calcarius","Calcariidae","Passeriformes","Calcarius lapponicus","Calcarius","Fringillidae","Passeriformes","Calcarius lapponicus","Calcarius lapponicus",12.3,8.9,5.8,6.8,21.1,94.9,29,65.7,30.7,67.8,27.8
"Calidris canutus","red knot","current in Clements 2023","Calidris canutus","Red Knot","Calidris","Scolopacidae","Charadriiformes","Calidris canutus","Calidris","Scolopacidae","Charadriiformes","Calidris canutus","Calidris canutus",37.5,26.6,4.1,5.7,29.9,164.4,95.2,69.1,57.9,60.4,141.9
"Capella gallinago","common snipe","manual override","Gallinago gallinago","Common Snipe","Gallinago","Scolopacidae","Charadriiformes","Capella gallinago","Capella","Scolopacidae","Charadriiformes","Gallinago gallinago","Gallinago gallinago",69.7,56.9,4.6,6,30,127.9,56.6,71.3,44.3,54,112.9
"Carduelis pinus","pine siskin","eBird_1974_2023 change file","Spinus pinus","Pine Siskin","Spinus","Fringillidae","Passeriformes","Carduelis pinus","Carduelis","Fringillidae","Passeriformes","Spinus pinus","Carduelis pinus",14,9,4.3,5.5,13.9,72.4,25.6,47,35.2,48.3,12.7
"Catharus fuscescens","veery","current in Clements 2023","Catharus fuscescens","Veery","Catharus","Turdidae","Passeriformes","Catharus fuscescens","Catharus","Turdidae","Passeriformes","Catharus fuscescens","Catharus fuscescens",17.6,10,4.4,4.2,29.2,97,27.7,69.4,28.5,69.3,31.9
"Catharus guttatus","hermit thrush","current in Clements 2023","Catharus guttatus","Hermit Thrush","Catharus","Turdidae","Passeriformes","Catharus guttatus","Catharus","Turdidae","Passeriformes","Catharus guttatus","Catharus guttatus",18.8,9.2,3.4,3.7,28.9,89,24,65.3,26.9,67.7,30.1
"Catharus minimus","gray-cheeked thrush","current in Clements 2023","Catharus minimus","Gray-cheeked Thrush","Catharus","Turdidae","Passeriformes","Catharus minimus","Catharus","Turdidae","Passeriformes","Catharus minimus","Catharus minimus",16.4,9.2,4.5,4,30,100.8,30.7,68.9,30.8,69.2,31.6
"Catharus ustulatus","Swainson's thrush","current in Clements 2023","Catharus ustulatus","Swainson's Thrush","Catharus","Turdidae","Passeriformes","Catharus ustulatus","Catharus","Turdidae","Passeriformes","Catharus ustulatus","Catharus ustulatus",14.3,9.2,4.6,4.2,29.6,96.6,31.1,66.6,31.8,68.3,30.3
"Catoptrophorus semipalmatus","willet","eBird_1974_2023 change file","Tringa semipalmata","Willet","Tringa","Scolopacidae","Charadriiformes","Catoptrophorus semipalmatus","Catoptrophorus","Scolopacidae","Charadriiformes","Tringa semipalmata","Catoptrophorus semipalmatus",67.4,46,4.5,7.2,65.4,203.5,97,106.6,47.6,73.8,245.7
"Cettia cetti","Cetti's warbler","current in Clements 2023","Cettia cetti","Cetti's Warbler","Cettia","Scotocercidae","Passeriformes","Cettia cetti","Cettia","Sylviidae","Passeriformes","Cettia cetti","Cettia cetti",14.3,7.6,2.4,3,20.3,60.6,8.7,51.9,14.3,58.2,13.2
"Chaetura pelagica","chimney swift","current in Clements 2023","Chaetura pelagica","Chimney Swift","Chaetura","Apodidae","Caprimulgiformes","Chaetura pelagica","Chaetura","Apodidae","Apodiformes","Chaetura pelagica","Chaetura pelagica",6.3,3.5,2.9,2.4,11.6,124.4,86.8,36.6,70.3,43.8,23.6
"Coccyzus americanus","yellow-billed cuckoo","current in Clements 2023","Coccyzus americanus","Yellow-billed Cuckoo","Coccyzus","Cuculidae","Cuculiformes","Coccyzus americanus","Coccyzus","Cuculidae","Cuculiformes","Coccyzus americanus","Coccyzus americanus",29.2,20,7,8.2,24.5,143.4,62.4,82.6,43,146.3,64
"Coccyzus erythropthalmus","black-billed cuckoo","current in Clements 2023","Coccyzus erythropthalmus","Black-billed Cuckoo","Coccyzus","Cuculidae","Cuculiformes","Coccyzus erythropthalmus","Coccyzus","Cuculidae","Cuculiformes","Coccyzus erythropthalmus","Coccyzus erythropthalmus",27,17,5.7,6.6,22.9,136.9,55.3,80.3,40.8,143.4,50.9
"Colaptes auratus","common flicker","current in Clements 2023","Colaptes auratus","Northern Flicker","Colaptes","Picidae","Piciformes","Colaptes auratus","Colaptes","Picidae","Piciformes","Colaptes auratus","Colaptes auratus",40.2,29.4,8.5,7.9,28.7,156.9,38.3,119.2,24.3,109.5,131.5
"Corvus brachyrhynchos","American crow","current in Clements 2023","Corvus brachyrhynchos","American Crow","Corvus","Corvidae","Passeriformes","Corvus brachyrhynchos","Corvus","Corvidae","Passeriformes","Corvus brachyrhynchos","Corvus brachyrhynchos",49.9,33.2,13.9,16.6,55,293.5,106.9,186.2,36.5,167.1,448.8
"Cuculus canorus","cuckoo","current in Clements 2023","Cuculus canorus","Common Cuckoo","Cuculus","Cuculidae","Cuculiformes","Cuculus canorus","Cuculus","Cuculidae","Cuculiformes","Cuculus canorus","Cuculus canorus",26,15.4,7.6,7.6,21.4,192,84.6,105.9,43.9,158.1,111.4
"Cyanocitta cristata","blue jay","current in Clements 2023","Cyanocitta cristata","Blue Jay","Cyanocitta","Corvidae","Passeriformes","Cyanocitta cristata","Cyanocitta","Corvidae","Passeriformes","Cyanocitta cristata","Cyanocitta cristata",29.9,18.6,10.1,8.9,34.7,130,22.9,108.3,17.4,121.4,88
"Dendrocopos major","great spotted woodpecker","current in Clements 2023","Dendrocopos major","Great Spotted Woodpecker","Dendrocopos","Picidae","Piciformes","Dendrocopos major","Dendrocopos","Picidae","Piciformes","Dendrocopos major","Dendrocopos major",27.9,21.8,9.3,8.7,23.9,136.2,40.8,98.5,29.3,88,74.9
"Dendroica castanea","bay-breasted warbler","eBird_1974_2023 change file","Setophaga castanea","Bay-breasted Warbler","Setophaga","Parulidae","Passeriformes","Dendroica castanea","Dendroica","Parulidae","Passeriformes","Setophaga castanea","Dendroica castanea",13.5,7.9,3.8,3.8,19.1,69.9,22,50.2,30.6,51.6,11.8
"Dendroica pinus","pine warbler","eBird_1974_2023 change file","Setophaga pinus","Pine Warbler","Setophaga","Parulidae","Passeriformes","Dendroica pinus","Dendroica","Parulidae","Passeriformes","Setophaga pinus","Dendroica pinus",13.4,8,3.1,3.8,18.6,71.8,20.6,51.2,28.6,54,11.8
"Dendroica striata","blackpoll warbler","eBird_1974_2023 change file","Setophaga striata","Blackpoll Warbler","Setophaga","Parulidae","Passeriformes","Dendroica striata","Dendroica","Parulidae","Passeriformes","Setophaga striata","Dendroica striata",13.9,8.7,3.6,3.4,19.5,74.3,23.2,51.1,31.3,50.4,11.8
"Dolichonyx oryzivorus","bobolink","current in Clements 2023","Dolichonyx oryzivorus","Bobolink","Dolichonyx","Icteridae","Passeriformes","Dolichonyx oryzivorus","Dolichonyx","Icteridae","Passeriformes","Dolichonyx oryzivorus","Dolichonyx oryzivorus",16.2,9.8,5.9,7.6,26.5,90.2,32,58.5,35.4,61.8,31.5
"Dryocopus pileatus","pileated woodpecker","current in Clements 2023","Dryocopus pileatus","Pileated Woodpecker","Dryocopus","Picidae","Piciformes","Dryocopus pileatus","Dryocopus","Picidae","Piciformes","Dryocopus pileatus","Dryocopus pileatus",52.1,37.4,14.6,11.9,29.3,228.4,56.4,166.6,25.3,167.3,286.6
"Elanus leucurus","white-tailed kite","current in Clements 2023","Elanus leucurus","White-tailed Kite","Elanus","Accipitridae","Accipitriformes","Elanus leucurus","Elanus","Accipitridae","Falconiformes","Elanus leucurus","Elanus leucurus",25.3,15.3,8.8,10.9,31.8,294,120.3,168.4,41.5,170.3,346
"Empidonax minimus","least flycatcher","current in Clements 2023","Empidonax minimus","Least Flycatcher","Empidonax","Tyrannidae","Passeriformes","Empidonax minimus","Empidonax","Tyrannidae","Passeriformes","Empidonax minimus","Empidonax minimus",12.4,7.6,5.4,3.5,15.9,61.1,14.2,47.9,22.8,50.8,10
"Empidonax traillii","willow flycatcher","current in Clements 2023","Empidonax traillii","Willow Flycatcher","Empidonax","Tyrannidae","Passeriformes","Empidonax traillii","Empidonax","Tyrannidae","Passeriformes","Empidonax traillii","Empidonax traillii",13.1,8.5,5.9,4.3,18.4,66.5,16.2,52.6,23.5,59.1,13.4
"Empidonax virescens","Acadian flycatcher","current in Clements 2023","Empidonax virescens","Acadian Flycatcher","Empidonax","Tyrannidae","Passeriformes","Empidonax virescens","Empidonax","Tyrannidae","Passeriformes","Empidonax virescens","Empidonax virescens",13.3,9.1,6.1,4,17.1,71,19.9,52.1,27.5,58.8,12.6
"Eremophila alpestris","horned lark","current in Clements 2023","Eremophila alpestris","Horned Lark","Eremophila","Alaudidae","Passeriformes","Eremophila alpestris","Eremophila","Alaudidae","Passeriformes","Eremophila alpestris","Eremophila alpestris",13.9,9.2,4.2,5,23.5,108.1,41.7,66.2,38.6,71.4,33.3
"Erithacus rubecula","robin","current in Clements 2023","Erithacus rubecula","European Robin","Erithacus","Muscicapidae","Passeriformes","Erithacus rubecula","Erithacus","Turdidae","Passeriformes","Erithacus rubecula","Erithacus rubecula",14,7,2.9,3.3,24.5,71.6,14.2,57.3,19.9,56.9,17.7
"Eudocimus albus","white ibis","current in Clements 2023","Eudocimus albus","White Ibis","Eudocimus","Threskiornithidae","Pelecaniformes","Eudocimus albus","Eudocimus","Threskiornithidae","Ciconiiformes","Eudocimus albus","Eudocimus albus",144.1,120.1,12.2,17,90.4,280.2,97.2,179.3,35.2,102.4,889.7
"Euphagus carolinus","rusty blackbird","current in Clements 2023","Euphagus carolinus","Rusty Blackbird","Euphagus","Icteridae","Passeriformes","Euphagus carolinus","Euphagus","Icteridae","Passeriformes","Euphagus carolinus","Euphagus carolinus",23,15.3,5,6.6,30.2,114.4,32.1,82.6,28,90,59.6
"Euphagus cyanocephalus","Brewer's blackbird","current in Clements 2023","Euphagus cyanocephalus","Brewer's Blackbird","Euphagus","Icteridae","Passeriformes","Euphagus cyanocephalus","Euphagus","Icteridae","Passeriformes","Euphagus cyanocephalus","Euphagus cyanocephalus",22.6,14.4,5.8,7.5,31,126.4,39.1,86.2,31.2,100.6,62.5
"Falco sparverius","sparrow hawk","current in Clements 2023","Falco sparverius","American Kestrel","Falco","Falconidae","Falconiformes","Falco sparverius","Falco","Falconidae","Falconiformes","Falco sparverius","Falco sparverius",17.1,11,8.4,10.1,33.7,182.4,77.9,100.1,43.7,126.5,114.6
"Ficedula hypoleuca","pied flycatcher","current in Clements 2023","Ficedula hypoleuca","European Pied Flycatcher","Ficedula","Muscicapidae","Passeriformes","Ficedula hypoleuca","Ficedula","Muscicapidae","Passeriformes","Ficedula hypoleuca","Ficedula hypoleuca",12.8,6.1,3.9,3.2,17.4,79.5,24.6,55,30.9,51.1,13.8
"Garrulus glandarius","jay","current in Clements 2023","Garrulus glandarius","Eurasian Jay","Garrulus","Corvidae","Passeriformes","Garrulus glandarius","Garrulus","Corvidae","Passeriformes","Garrulus glandarius","Garrulus glandarius",33.7,19.9,10.4,12.2,40.6,181.4,35.1,147.6,19.2,147.1,159.5
"Geococcyx californianus","greater roadrunner","current in Clements 2023","Geococcyx californianus","Greater Roadrunner","Geococcyx","Cuculidae","Cuculiformes","Geococcyx californianus","Geococcyx","Cuculidae","Cuculiformes","Geococcyx californianus","Geococcyx californianus",57.8,35.4,10.1,12.5,59.5,181,12,172,6.5,287.4,376
"Hylocichla mustelina","wood thrush","current in Clements 2023","Hylocichla mustelina","Wood Thrush","Hylocichla","Turdidae","Passeriformes","Hylocichla mustelina","Hylocichla","Turdidae","Passeriformes","Hylocichla mustelina","Hylocichla mustelina",19,11.9,5.1,5.4,32.1,106.5,29,78.9,26.9,71.3,50.1
"Icterus galbula","northern oriole","current in Clements 2023","Icterus galbula","Baltimore Oriole","Icterus","Icteridae","Passeriformes","Icterus galbula","Icterus","Icteridae","Passeriformes","Icterus galbula","Icterus galbula",21.1,13.3,5,6.4,23.4,92.1,25.5,67.4,27.4,73.3,32.8
"Icterus pectoralis","spotted oriole","current in Clements 2023","Icterus pectoralis","Spot-breasted Oriole","Icterus","Icteridae","Passeriformes","Icterus pectoralis","Icterus","Icteridae","Passeriformes","Icterus pectoralis","Icterus pectoralis",23.7,14.5,5.3,7.4,27.5,102.8,18,84.2,17.6,99.6,46.5
"Icterus spurius","orchard oriole","current in Clements 2023","Icterus spurius","Orchard Oriole","Icterus","Icteridae","Passeriformes","Icterus spurius","Icterus","Icteridae","Passeriformes","Icterus spurius","Icterus spurius",17.3,11.6,4.4,5.2,21.3,76.3,19.8,55.7,26.2,67.2,19.4
"Ictinia mississippiensis","Mississippi kite","current in Clements 2023","Ictinia mississippiensis","Mississippi Kite","Ictinia","Accipitridae","Accipitriformes","Ictinia mississippiensis","Ictinia","Accipitridae","Falconiformes","Ictinia mississippiensis","Ictinia mississippiensis",23,14.7,11,12.3,37,291.8,156.5,135.2,53.6,150.2,276
"Junco hyemalis","northern junco","current in Clements 2023","Junco hyemalis","Dark-eyed Junco","Junco","Passerellidae","Passeriformes","Junco hyemalis","Junco","Fringillidae","Passeriformes","Junco hyemalis","Junco hyemalis",11.6,7.8,4.5,5.3,21.1,75.2,16.4,58.6,21.9,63.8,19.5
"Limnodromus scolopaceus","long-billed dowitcher","current in Clements 2023","Limnodromus scolopaceus","Long-billed Dowitcher","Limnodromus","Scolopacidae","Charadriiformes","Limnodromus scolopaceus","Limnodromus","Scolopacidae","Charadriiformes","Limnodromus scolopaceus","Limnodromus scolopaceus",70.7,61.9,4.5,7.1,38.6,145.5,74.2,71.2,51,56.5,104.4
"Limosa fedoa","marbled godwit","current in Clements 2023","Limosa fedoa","Marbled Godwit","Limosa","Scolopacidae","Charadriiformes","Limosa fedoa","Limosa","Scolopacidae","Charadriiformes","Limosa fedoa","Limosa fedoa",112.5,93.7,6.8,9.2,71.6,224.8,118,106.7,52.5,77.2,357
"Locustella naevia","grasshopper warbler","current in Clements 2023","Locustella naevia","Common Grasshopper Warbler","Locustella","Locustellidae","Passeriformes","Locustella naevia","Locustella","Sylviidae","Passeriformes","Locustella naevia","Locustella naevia",14.7,7.3,2.6,2.9,20,64.1,16.3,47.9,25.4,56.5,13.3
"Lullula arborea","woodlark","current in Clements 2023","Lullula arborea","Wood Lark","Lullula","Alaudidae","Passeriformes","Lullula arborea","Lullula","Alaudidae","Passeriformes","Lullula arborea","Lullula arborea",14.4,8.2,3.4,3.8,21.4,94.2,26.1,68,27.7,52.7,26.9
"Megaceryle alcyon","belted kingfisher","current in Clements 2023","Megaceryle alcyon","Belted Kingfisher","Megaceryle","Alcedinidae","Coraciiformes","Ceryle alcyon","Ceryle","Alcedinidae","Coraciiformes","Megaceryle alcyon","Megaceryle alcyon",58.6,44.8,9.5,13.4,12.5,158.8,53.2,105,33.6,94.3,148
"Melanerpes erythrocephalus","red-headed woodpecker","current in Clements 2023","Melanerpes erythrocephalus","Red-headed Woodpecker","Melanerpes","Picidae","Piciformes","Melanerpes erythrocephalus","Melanerpes","Picidae","Piciformes","Melanerpes erythrocephalus","Melanerpes erythrocephalus",27.3,20.3,7.6,7.4,20.6,139.7,40.6,98.9,29.1,83.3,71.6
"Melospiza georgiana","swamp sparrow","current in Clements 2023","Melospiza georgiana","Swamp Sparrow","Melospiza","Passerellidae","Passeriformes","Zonotrichia georgiana","Zonotrichia","Fringillidae","Passeriformes","Melospiza georgiana","Melospiza georgiana",13.9,8.2,4.1,5.2,21.9,62.3,11.9,50.4,19.1,57,16.1
"Milvus milvus","red kite","current in Clements 2023","Milvus milvus","Red Kite","Milvus","Accipitridae","Accipitriformes","Milvus milvus","Milvus","Accipitridae","Falconiformes","Milvus milvus","Milvus milvus",40.2,26.6,13.2,18.7,52.9,481.5,241.6,241.6,49.9,317.3,1071.8
"Muscicapa striata","spotted flycatcher","current in Clements 2023","Muscicapa striata","Spotted Flycatcher","Muscicapa","Muscicapidae","Passeriformes","Muscicapa striata","Muscicapa","Muscicapidae","Passeriformes","Muscicapa striata","Muscicapa striata",16.2,9.3,4.3,3.6,14.4,86.3,26.1,60.3,30.2,61.2,15.9
"Muscivora forficata","scissor-tailed flycatcher","eBird_1974_2023 change file","Tyrannus forficatus","Scissor-tailed Flycatcher","Tyrannus","Tyrannidae","Passeriformes","Muscivora forficata","Muscivora","Tyrannidae","Passeriformes","Tyrannus forficatus","Tyrannus forficatus",22.4,13.9,7.6,6,18.6,121.2,45.1,74.9,37.5,214,39.3
"Myadestes townsendi","Townsend's solitaire","current in Clements 2023","Myadestes townsendi","Townsend's Solitaire","Myadestes","Turdidae","Passeriformes","Myadestes townsendi","Myadestes","Turdidae","Passeriformes","Myadestes townsendi","Myadestes townsendi",15.7,8.2,4.4,4.6,20.9,113.3,34.3,80.6,29.9,103,33.2
"Nuttallornis borealis","olive-sided flycatcher","eBird_1974_2023 change file","Contopus cooperi","Olive-sided Flycatcher","Contopus","Tyrannidae","Passeriformes","Nuttallornis borealis","Nuttallornis","Tyrannidae","Passeriformes","Contopus cooperi","Contopus cooperi",19.9,12.2,8.5,6.5,14.7,104.7,38.5,63.2,37.9,68.8,32.1
"Oenanthe oenanthe","northern wheatear","current in Clements 2023","Oenanthe oenanthe","Northern Wheatear","Oenanthe","Muscicapidae","Passeriformes","Oenanthe oenanthe","Oenanthe","Turdidae","Passeriformes","Oenanthe oenanthe","Oenanthe oenanthe",17.9,9.9,3.7,3.7,27.3,95.1,30.5,64.6,32.1,56.7,25.4
"Oriolus oriolus","golden oriole","current in Clements 2023","Oriolus oriolus","Eurasian Golden Oriole","Oriolus","Oriolidae","Passeriformes","Oriolus oriolus","Oriolus","Oriolidae","Passeriformes","Oriolus oriolus","Oriolus oriolus",28.5,18.2,8.9,8.5,22.5,151.6,58.8,93.8,38.5,82.9,79
"Passer domesticus","house sparrow","current in Clements 2023","Passer domesticus","House Sparrow","Passer","Passeridae","Passeriformes","Passer domesticus","Passer","Ploceidae","Passeriformes","Passer domesticus","Passer domesticus",13.5,9.1,6.3,7.4,17.9,74.9,20.4,54.4,27.3,57.2,26.5
"Passer montanus","tree sparrow","current in Clements 2023","Passer montanus","Eurasian Tree Sparrow","Passer","Passeridae","Passeriformes","Passer montanus","Passer","Ploceidae","Passeriformes","Passer montanus","Passer montanus",13.2,8.2,5.5,6.5,16.4,67.9,16.7,51.2,24.6,51,21.4
"Perisoreus canadensis","gray jay","current in Clements 2023","Perisoreus canadensis","Canada Jay","Perisoreus","Corvidae","Passeriformes","Perisoreus canadensis","Perisoreus","Corvidae","Passeriformes","Perisoreus canadensis","Perisoreus canadensis",24.6,14.3,9,8.6,36.3,150.4,27.2,123.2,18.1,135.9,71.6
"Philohela minor","American woodcock","eBird_1974_2023 change file","Scolopax minor","American Woodcock","Scolopax","Scolopacidae","Charadriiformes","Philohela minor","Philohela","Scolopacidae","Charadriiformes","Scolopax minor","Scolopax minor",71.9,60.6,6.4,9.4,31.3,129.8,40,90.8,30.6,63.4,196.3
"Phoenicurus ochruros","black redstart","current in Clements 2023","Phoenicurus ochruros","Black Redstart","Phoenicurus","Muscicapidae","Passeriformes","Phoenicurus ochruros","Phoenicurus","Turdidae","Passeriformes","Phoenicurus ochruros","Phoenicurus ochruros",15.4,8.1,2.8,2.9,22.4,83.1,19.2,64.1,23.1,60.4,16.5
"Phoenicurus phoenicurus","redstart","current in Clements 2023","Phoenicurus phoenicurus","Common Redstart","Phoenicurus","Muscicapidae","Passeriformes","Phoenicurus phoenicurus","Phoenicurus","Turdidae","Passeriformes","Phoenicurus phoenicurus","Phoenicurus phoenicurus",13.9,7.8,3.3,3.4,21.6,77.9,20.2,58.1,25.8,58,14.6
"Picoides pubescens","downy woodpecker","manual override","Dryobates pubescens","Downy Woodpecker","Dryobates","Picidae","Piciformes","Dendrocopos pubescens","Dendrocopos","Picidae","Piciformes","Dryobates pubescens","Picoides pubescens",17.4,12.2,4.9,4.8,15.8,91.3,24.3,65.9,27,58.6,25.6
"Platalea leucorodia","spoonbill","current in Clements 2023","Platalea leucorodia","Eurasian Spoonbill","Platalea","Threskiornithidae","Pelecaniformes","Platalea leucorodia","Platalea","Threskiornithidae","Ciconiiformes","Platalea leucorodia","Platalea leucorodia",190.3,172.2,26.3,15.2,129,361.6,146,216,40.4,118.4,1868
"Plegadis falcinellus","glossy ibis","current in Clements 2023","Plegadis falcinellus","Glossy Ibis","Plegadis","Threskiornithidae","Pelecaniformes","Plegadis falcinellus","Plegadis","Threskiornithidae","Ciconiiformes","Plegadis falcinellus","Plegadis falcinellus",117.2,102.8,10.4,13.9,86.4,274.8,104.7,165.3,38.9,102.7,626.6
"Polioptila caerulea","blue-gray gnatcatcher","current in Clements 2023","Polioptila caerulea","Blue-gray Gnatcatcher","Polioptila","Polioptilidae","Passeriformes","Polioptila caerulea","Polioptila","Sylviidae","Passeriformes","Polioptila caerulea","Polioptila caerulea",11.3,7.4,2.8,2.3,15.9,50.8,9.6,40.8,19.1,49.1,5.8
"Progne subis","purple martin","current in Clements 2023","Progne subis","Purple Martin","Progne","Hirundinidae","Passeriformes","Progne subis","Progne","Hirundinidae","Passeriformes","Progne subis","Progne subis",16.8,9.4,5.9,4.8,15,147.2,76.6,70.7,52,72.4,53.8
"Quiscalus quiscalus","common grackle","manual override","Quiscalus quiscula","Common Grackle","Quiscalus","Icteridae","Passeriformes","Quiscalus quiscula","Quiscalus","Icteridae","Passeriformes","Quiscalus quiscula","Quiscalus quiscula",33,21.8,7.3,10.5,35.6,132.9,34.3,98.2,25.9,118.2,105.2
"Regulus calendula","ruby-crowned kinglet","eBird_1974_2023 change file","Corthylio calendula","Ruby-crowned Kinglet","Corthylio","Regulidae","Passeriformes","Regulus calendula","Regulus","Sylviidae","Passeriformes","Corthylio calendula","Regulus calendula",10.6,6.3,2.7,2.2,18.4,58,12.6,44.9,22,42.2,6.2
"Regulus satrapa","golden-crowned kinglet","current in Clements 2023","Regulus satrapa","Golden-crowned Kinglet","Regulus","Regulidae","Passeriformes","Regulus satrapa","Regulus","Sylviidae","Passeriformes","Regulus satrapa","Regulus satrapa",9,5.4,2.1,2.5,16.2,57.2,13.4,43.4,23.6,42.8,6.2
"Riparia riparia","bank swallow","current in Clements 2023","Riparia riparia","Bank Swallow","Riparia","Hirundinidae","Passeriformes","Riparia riparia","Riparia","Hirundinidae","Passeriformes","Riparia riparia","Riparia riparia",9.4,5,3.7,2.5,10.5,101.8,54,47.9,53,47.2,12.7
"Rostrhamus sociabilis","snail kite","current in Clements 2023","Rostrhamus sociabilis","Snail Kite","Rostrhamus","Accipitridae","Accipitriformes","Rostrhamus sociabilis","Rostrhamus","Accipitridae","Falconiformes","Rostrhamus sociabilis","Rostrhamus sociabilis",33.1,23.8,11.1,11.3,49.9,344.8,134.8,206.7,39.1,169.3,366.9
"Scolopax rusticola","woodcock","current in Clements 2023","Scolopax rusticola","Eurasian Woodcock","Scolopax","Scolopacidae","Charadriiformes","Scolopax rusticola","Scolopax","Scolopacidae","Charadriiformes","Scolopax rusticola","Scolopax rusticola",76.7,60.9,6.5,10,34.2,192.4,75.1,115.6,39.4,84.8,308.3
"Setophaga ruticilla","American redstart","current in Clements 2023","Setophaga ruticilla","American Redstart","Setophaga","Parulidae","Passeriformes","Setophaga ruticilla","Setophaga","Parulidae","Passeriformes","Setophaga ruticilla","Setophaga ruticilla",12.3,6.8,4,3,17,62,15.6,48,24.6,52.6,8.2
"Sialia sialis","eastern bluebird","current in Clements 2023","Sialia sialis","Eastern Bluebird","Sialia","Turdidae","Passeriformes","Sialia sialis","Sialia","Turdidae","Passeriformes","Sialia sialis","Sialia sialis",15.4,9.1,4.2,4.5,19.7,95.8,31.4,64.4,32.8,62.5,27.5
"Spiza americana","dickcissel","current in Clements 2023","Spiza americana","Dickcissel","Spiza","Cardinalidae","Passeriformes","Spiza americana","Spiza","Fringillidae","Passeriformes","Spiza americana","Spiza americana",15.1,9.8,5.5,7.5,22.3,77.9,20.3,56.8,26.4,56.1,26.2
"Spizella passerina","chipping sparrow","current in Clements 2023","Spizella passerina","Chipping Sparrow","Spizella","Passerellidae","Passeriformes","Spizella passerina","Spizella","Fringillidae","Passeriformes","Spizella passerina","Spizella passerina",13.1,7,4,4.9,16.3,68,16.3,51,24.2,56,12.2
"Sturnella magna","eastern meadowlark","current in Clements 2023","Sturnella magna","Eastern Meadowlark","Sturnella","Icteridae","Passeriformes","Sturnella magna","Sturnella","Icteridae","Passeriformes","Sturnella magna","Sturnella magna",33.5,20,6.1,8.2,39.8,108.1,28.4,86.1,24.8,67.4,91.8
"Turdus merula","blackbird","current in Clements 2023","Turdus merula","Eurasian Blackbird","Turdus","Turdidae","Passeriformes","Turdus merula","Turdus","Turdidae","Passeriformes","Turdus merula","Turdus merula",28.5,15.5,5.3,7.5,33.6,128.4,29.8,98.6,23.1,106.3,102.7
"Turdus migratorius","American robin","current in Clements 2023","Turdus migratorius","American Robin","Turdus","Turdidae","Passeriformes","Turdus migratorius","Turdus","Turdidae","Passeriformes","Turdus migratorius","Turdus migratorius",23.4,12.5,5.6,6.8,32.7,127,36.9,90.3,29,95.7,78.5
"Turdus philomelos","song thrush","current in Clements 2023","Turdus philomelos","Song Thrush","Turdus","Turdidae","Passeriformes","Turdus philomelos","Turdus","Turdidae","Passeriformes","Turdus philomelos","Turdus philomelos",23.1,11.9,5,5.7,31.8,116,35.7,80.5,30.7,81.7,67.7
"Turdus viscivorus","mistle thrush","current in Clements 2023","Turdus viscivorus","Mistle Thrush","Turdus","Turdidae","Passeriformes","Turdus viscivorus","Turdus","Turdidae","Passeriformes","Turdus viscivorus","Turdus viscivorus",26.4,14.5,5.7,6.9,32.7,153.7,53.9,99.6,35.1,111.8,117.4
"Vermivora peregrina","Tennessee warbler","eBird_1974_2023 change file","Leiothlypis peregrina","Tennessee Warbler","Leiothlypis","Parulidae","Passeriformes","Vermivora peregrina","Vermivora","Parulidae","Passeriformes","Leiothlypis peregrina","Vermivora peregrina",10.9,7.8,3,3.2,18.3,62.5,16.6,47.6,25.9,42.1,8.9
"Vermivora ruficapilla","Nashville warbler","eBird_1974_2023 change file","Leiothlypis ruficapilla","Nashville Warbler","Leiothlypis","Parulidae","Passeriformes","Vermivora ruficapilla","Vermivora","Parulidae","Passeriformes","Leiothlypis ruficapilla","Vermivora ruficapilla",11.6,7,2.8,3.5,16.1,56.8,13.3,43.4,23.6,42.4,8.1
"Xanthocephalus xanthocephalus","yellow-headed blackbird","current in Clements 2023","Xanthocephalus xanthocephalus","Yellow-headed Blackbird","Xanthocephalus","Icteridae","Passeriformes","Xanthocephalus xanthocephalus","Xanthocephalus","Icteridae","Passeriformes","Xanthocephalus xanthocephalus","Xanthocephalus xanthocephalus",22.5,14.6,6.6,9.1,32.9,129.4,34.2,92.6,27,101.9,62.7
"Zonotrichia querula","Harris' sparrow","current in Clements 2023","Zonotrichia querula","Harris's Sparrow","Zonotrichia","Passerellidae","Passeriformes","Zonotrichia querula","Zonotrichia","Fringillidae","Passeriformes","Zonotrichia querula","Zonotrichia querula",16,9.2,5.1,7.5,24.3,86.9,20.5,66.3,23.7,80.9,35.5
