"ScientificNameV3","ScientificName2023","CommonNameBrown"
"Accipiter cooperii","Accipiter cooperii","Cooper's hawk"
"Accipiter gentilis","Accipiter gentilis","northern goshawk"
"Accipiter nisus","Accipiter nisus","sparrowhawk"
"Accipiter striatus","Accipiter striatus","sharp-shinned hawk"
"Acrocephalus schoenobaenus","Acrocephalus schoenobaenus","sedge warbler"
"Acrocephalus scirpaceus","Acrocephalus scirpaceus","reed warbler"
"Alauda arvensis","Alauda arvensis","skylark"
"Alcedo atthis","Alcedo atthis","kingfisher"
"Aphelocoma coerulescens","Aphelocoma coerulescens","scrub jay"
"Apus apus","Apus apus","swift"
"Buteo regalis","Buteo regalis","Ferruginous hawk"
"Buteo swainsoni","Buteo swainsoni","Swainson's hawk"
"Calcarius lapponicus","Calcarius lapponicus","Smith's longspur"
"Calidris canutus","Calidris canutus","red knot"
"Carduelis pinus","Spinus pinus","pine siskin"
"Catharus fuscescens","Catharus fuscescens","veery"
"Catharus guttatus","Catharus guttatus","hermit thrush"
"Catharus minimus","Catharus minimus","gray-cheeked thrush"
"Catharus ustulatus","Catharus ustulatus","Swainson's thrush"
"Catoptrophorus semipalmatus","Tringa semipalmata","willet"
"Cettia cetti","Cettia cetti","Cetti's warbler"
"Chaetura pelagica","Chaetura pelagica","chimney swift"
"Coccyzus americanus","Coccyzus americanus","yellow-billed cuckoo"
"Coccyzus erythropthalmus","Coccyzus erythropthalmus","black-billed cuckoo"
"Colaptes auratus","Colaptes auratus","common flicker"
"Contopus cooperi","Contopus cooperi","olive-sided flycatcher"
"Corvus brachyrhynchos","Corvus brachyrhynchos","American crow"
"Cuculus canorus","Cuculus canorus","cuckoo"
"Cyanocitta cristata","Cyanocitta cristata","blue jay"
"Dendrocopos major","Dendrocopos major","great spotted woodpecker"
"Dendroica castanea","Setophaga castanea","bay-breasted warbler"
"Dendroica pinus","Setophaga pinus","pine warbler"
"Dendroica striata","Setophaga striata","blackpoll warbler"
"Dolichonyx oryzivorus","Dolichonyx oryzivorus","bobolink"
"Dryocopus pileatus","Dryocopus pileatus","pileated woodpecker"
"Elanus leucurus","Elanus leucurus","white-tailed kite"
"Empidonax minimus","Empidonax minimus","least flycatcher"
"Empidonax traillii","Empidonax traillii","willow flycatcher"
"Empidonax virescens","Empidonax virescens","Acadian flycatcher"
"Eremophila alpestris","Eremophila alpestris","horned lark"
"Erithacus rubecula","Erithacus rubecula","robin"
"Eudocimus albus","Eudocimus albus","white ibis"
"Euphagus carolinus","Euphagus carolinus","rusty blackbird"
"Euphagus cyanocephalus","Euphagus cyanocephalus","Brewer's blackbird"
"Falco sparverius","Falco sparverius","sparrow hawk"
"Ficedula hypoleuca","Ficedula hypoleuca","pied flycatcher"
"Gallinago gallinago","Gallinago gallinago","common snipe"
"Garrulus glandarius","Garrulus glandarius","jay"
"Geococcyx californianus","Geococcyx californianus","greater roadrunner"
"Hylocichla mustelina","Hylocichla mustelina","wood thrush"
"Icterus galbula","Icterus galbula","northern oriole"
"Icterus pectoralis","Icterus pectoralis","spotted oriole"
"Icterus spurius","Icterus spurius","orchard oriole"
"Ictinia mississippiensis","Ictinia mississippiensis","Mississippi kite"
"Junco hyemalis","Junco hyemalis","northern junco"
"Limnodromus scolopaceus","Limnodromus scolopaceus","long-billed dowitcher"
"Limosa fedoa","Limosa fedoa","marbled godwit"
"Locustella naevia","Locustella naevia","grasshopper warbler"
"Lullula arborea","Lullula arborea","woodlark"
"Megaceryle alcyon","Megaceryle alcyon","belted kingfisher"
"Melanerpes erythrocephalus","Melanerpes erythrocephalus","red-headed woodpecker"
"Melospiza georgiana","Melospiza georgiana","swamp sparrow"
"Milvus milvus","Milvus milvus","red kite"
"Muscicapa striata","Muscicapa striata","spotted flycatcher"
"Myadestes townsendi","Myadestes townsendi","Townsend's solitaire"
"Oenanthe oenanthe","Oenanthe oenanthe","northern wheatear"
"Oriolus oriolus","Oriolus oriolus","golden oriole"
"Passer domesticus","Passer domesticus","house sparrow"
"Passer montanus","Passer montanus","tree sparrow"
"Perisoreus canadensis","Perisoreus canadensis","gray jay"
"Phoenicurus ochruros","Phoenicurus ochruros","black redstart"
"Phoenicurus phoenicurus","Phoenicurus phoenicurus","redstart"
"Picoides pubescens","Dryobates pubescens","downy woodpecker"
"Platalea ajaja","Platalea ajaja","roseate spoonbill"
"Platalea leucorodia","Platalea leucorodia","spoonbill"
"Plegadis falcinellus","Plegadis falcinellus","glossy ibis"
"Polioptila caerulea","Polioptila caerulea","blue-gray gnatcatcher"
"Progne subis","Progne subis","purple martin"
"Quiscalus quiscula","Quiscalus quiscula","common grackle"
"Regulus calendula","Corthylio calendula","ruby-crowned kinglet"
"Regulus satrapa","Regulus satrapa","golden-crowned kinglet"
"Riparia riparia","Riparia riparia","bank swallow"
"Rostrhamus sociabilis","Rostrhamus sociabilis","snail kite"
"Scolopax minor","Scolopax minor","American woodcock"
"Scolopax rusticola","Scolopax rusticola","woodcock"
"Setophaga ruticilla","Setophaga ruticilla","American redstart"
"Sialia sialis","Sialia sialis","eastern bluebird"
"Spiza americana","Spiza americana","dickcissel"
"Spizella passerina","Spizella passerina","chipping sparrow"
"Sturnella magna","Sturnella magna","eastern meadowlark"
"Turdus merula","Turdus merula","blackbird"
"Turdus migratorius","Turdus migratorius","American robin"
"Turdus philomelos","Turdus philomelos","song thrush"
"Turdus viscivorus","Turdus viscivorus","mistle thrush"
"Tyrannus forficatus","Tyrannus forficatus","scissor-tailed flycatcher"
"Vermivora peregrina","Leiothlypis peregrina","Tennessee warbler"
"Vermivora ruficapilla","Leiothlypis ruficapilla","Nashville warbler"
"Xanthocephalus xanthocephalus","Xanthocephalus xanthocephalus","yellow-headed blackbird"
"Zonotrichia querula","Zonotrichia querula","Harris' sparrow"
